Status Id;Control Sense Id;Id status main;Id status type;Id status detail;Id equipment;Equipo;Id employee;Inicio de estado;Duración HR numérico;Fin de estado;Date cube;Duración Hr.;Hour;Id type status;Id detail status;Main status;Type status;Detail status
386421;386421;5;17;137;28;Carguio en Mina;47;2025-01-01 10:11:06.019903;103.94;2025-01-05 18:07:32.431981;2025-01-01;103.940670021667;10;17;2409;OUTOFPLAN;Programado;Fuera de plan
386431;386431;5;17;371;34;Acarreo en Mina;56;2025-01-01 11:21:02.622931;27.40;2025-01-02 14:45:19.088;2025-01-01;27.4045736302778;11;17;2409;OUTOFPLAN;Programado;Fuera de plan
386433;386433;5;17;371;31;Acarreo en Mina;82;2025-01-01 11:27:06.707702;27.25;2025-01-02 14:41:59.736;2025-01-01;27.2480634161111;11;17;2409;OUTOFPLAN;Programado;Fuera de plan
386538;386538;5;17;371;36;Acarreo en Mina;74;2025-01-01 19:38:32.512291;87.93;2025-01-05 11:34:30.918874;2025-01-01;87.9328907175;19;17;2409;OUTOFPLAN;Programado;Fuera de plan
386631;386631;5;17;478;38;Tractor de Orugas;40;2025-01-02 11:10:19.706558;0.00;;2025-01-02;;11;17;2409;OUTOFPLAN;Programado;Fuera de plan
387112;387106;5;17;2409;88;Acarreo en Mina;148;2025-01-04 11:41:41;3.64;2025-01-04 15:19:57.450903;2025-01-04;3.63790302861111;11;17;2409;OUTOFPLAN;Programado;Fuera de plan
387411;387411;5;17;371;31;Acarreo en Mina;74;2025-01-05 11:34:55.031527;0.00;;2025-01-05;;11;17;2409;OUTOFPLAN;Programado;Fuera de plan
387492;387492;5;17;137;28;Carguio en Mina;47;2025-01-05 19:49:18.477919;23.40;2025-01-06 19:13:23.716;2025-01-05;23.4014550225;19;17;2409;OUTOFPLAN;Programado;Fuera de plan
387563;387563;5;17;2409;87;Acarreo en Mina;157;2025-01-06 08:23:25.961734;5.06;2025-01-06 13:27:18.482;2025-01-06;5.06458896277778;8;17;2409;OUTOFPLAN;Programado;Fuera de plan
387623;387623;5;17;2409;86;Acarreo en Mina;149;2025-01-06 15:57:14.275173;4.87;2025-01-06 20:49:09.437;2025-01-06;4.86532272972222;15;17;2409;OUTOFPLAN;Programado;Fuera de plan
388008;387999;5;17;2409;85;Acarreo en Mina;152;2025-01-08 03:04:40;4.12;2025-01-08 07:11:48.59;2025-01-07;4.11905277777778;3;17;2409;OUTOFPLAN;Programado;Fuera de plan
388009;387997;5;17;2409;88;Acarreo en Mina;151;2025-01-08 02:43:19;8.13;2025-01-08 10:51:03.076322;2025-01-07;8.12891008944444;2;17;2409;OUTOFPLAN;Programado;Fuera de plan
388053;388053;5;17;137;28;Carguio en Mina;47;2025-01-08 08:52:02.60827;7.97;2025-01-08 16:50:17.439;2025-01-08;7.97078631388889;8;17;2409;OUTOFPLAN;Programado;Fuera de plan
388265;388265;5;17;2409;89;Acarreo en Mina;137;2025-01-08 19:22:59.667855;0.30;2025-01-08 19:41:06.381953;2025-01-08;0.301865027222222;19;17;2409;OUTOFPLAN;Programado;Fuera de plan
388266;388266;5;17;2409;87;Acarreo en Mina;128;2025-01-08 19:23:04.163324;1.65;2025-01-08 21:02:05.485251;2025-01-08;1.65036720194444;19;17;2409;OUTOFPLAN;Programado;Fuera de plan
388267;388267;5;17;2409;86;Acarreo en Mina;139;2025-01-08 19:23:09.353281;0.32;2025-01-08 19:42:19.407516;2025-01-08;0.319459509722222;19;17;2409;OUTOFPLAN;Programado;Fuera de plan
388310;388310;5;17;2409;87;Acarreo en Mina;128;2025-01-08 21:28:09.277085;0.53;2025-01-08 22:00:03;2025-01-08;0.531589698611111;21;17;2409;OUTOFPLAN;Programado;Fuera de plan
388355;388355;5;17;2409;87;Acarreo en Mina;128;2025-01-08 23:53:55.374225;2.11;2025-01-09 02:00:24;2025-01-08;2.10795160416667;23;17;2409;OUTOFPLAN;Programado;Fuera de plan
388458;388458;5;17;137;29;Carguio en Mina;10;2025-01-09 08:03:20.349064;2.50;2025-01-09 10:33:14.373324;2025-01-09;2.49834007222222;8;17;2409;OUTOFPLAN;Programado;Fuera de plan
388516;388516;5;17;137;29;Carguio en Mina;78;2025-01-09 11:55:03.210237;4.32;2025-01-09 16:14:27.957524;2025-01-09;4.32354091305556;11;17;2409;OUTOFPLAN;Programado;Fuera de plan
388612;388612;5;17;137;29;Carguio en Mina;78;2025-01-09 16:58:36.149954;2.04;2025-01-09 19:01:03.610494;2025-01-09;2.04096126111111;16;17;2409;OUTOFPLAN;Programado;Fuera de plan
388664;388664;5;17;1501;90;Carguio en Mina;0;2025-01-09 19:00:30.332238;10.19;2025-01-10 05:11:41.209843;2025-01-09;10.1863548902778;19;17;2409;OUTOFPLAN;Programado;Fuera de plan
388676;388676;5;17;2409;89;Acarreo en Mina;137;2025-01-09 19:14:27.694706;1.36;2025-01-09 20:36:05.578905;2025-01-09;1.36052338861111;19;17;2409;OUTOFPLAN;Programado;Fuera de plan
388677;388677;5;17;2409;87;Acarreo en Mina;128;2025-01-09 19:14:32.73818;1.36;2025-01-09 20:36:08.83898;2025-01-09;1.360028;19;17;2409;OUTOFPLAN;Programado;Fuera de plan
388678;388678;5;17;2409;86;Acarreo en Mina;139;2025-01-09 19:14:37.509176;1.35;2025-01-09 20:35:30.122697;2025-01-09;1.34794820027778;19;17;2409;OUTOFPLAN;Programado;Fuera de plan
388679;388679;5;17;2409;85;Acarreo en Mina;138;2025-01-09 19:14:43.214245;1.34;2025-01-09 20:35:17.370697;2025-01-09;1.34282123666667;19;17;2409;OUTOFPLAN;Programado;Fuera de plan
388683;388683;5;17;2409;88;Acarreo en Mina;142;2025-01-09 19:23:44.852424;2.61;2025-01-09 22:00:26;2025-01-09;2.61142988222222;19;17;2409;OUTOFPLAN;Programado;Fuera de plan
388752;388752;5;17;2409;89;Acarreo en Mina;137;2025-01-10 00:22:25.817706;1.83;2025-01-10 02:12:11.681487;2025-01-09;1.82940660583333;0;17;2409;OUTOFPLAN;Programado;Fuera de plan
388753;388753;5;17;2409;86;Acarreo en Mina;139;2025-01-10 00:22:33.11777;1.69;2025-01-10 02:04:04.114;2025-01-09;1.69194339722222;0;17;2409;OUTOFPLAN;Programado;Fuera de plan
388783;388783;5;17;2409;87;Acarreo en Mina;128;2025-01-10 02:12:17.683237;2.82;2025-01-10 05:01:23.685348;2025-01-09;2.81833391972222;2;17;2409;OUTOFPLAN;Programado;Fuera de plan
388797;388797;5;17;137;29;Carguio en Mina;28;2025-01-10 02:30:39.759435;1.22;2025-01-10 03:44:04.872857;2025-01-09;1.22364261722222;2;17;2409;OUTOFPLAN;Programado;Fuera de plan
388800;388800;5;17;2409;85;Acarreo en Mina;138;2025-01-10 02:33:28.002114;1.33;2025-01-10 03:53:30.931878;2025-01-09;1.33414715666667;2;17;2409;OUTOFPLAN;Programado;Fuera de plan
388828;388828;5;17;2409;88;Acarreo en Mina;140;2025-01-10 04:56:56.12374;0.55;2025-01-10 05:29:54.281607;2025-01-09;0.549488296388889;4;17;2409;OUTOFPLAN;Programado;Fuera de plan
388849;388849;5;17;2409;88;Acarreo en Mina;140;2025-01-10 06:10:27.324283;0.91;2025-01-10 07:05:10.468;2025-01-09;0.911984365833333;6;17;2409;OUTOFPLAN;Programado;Fuera de plan
388853;388853;5;17;137;29;Carguio en Mina;28;2025-01-10 06:13:44.534577;3.78;2025-01-10 10:00:43.090054;2025-01-09;3.78293207694444;6;17;2409;OUTOFPLAN;Programado;Fuera de plan
388970;388970;5;17;137;29;Carguio en Mina;10;2025-01-10 12:37:08.317638;1010.19;2025-02-21 14:48:16.049695;2025-01-10;1010.18548112694;12;17;2409;OUTOFPLAN;Programado;Fuera de plan
389151;389151;5;17;2409;87;Acarreo en Mina;140;2025-01-10 23:27:20.580475;1.55;2025-01-11 01:00:16.94422;2025-01-10;1.54898992916667;23;17;2409;OUTOFPLAN;Programado;Fuera de plan
389160;389160;5;17;2409;89;Acarreo en Mina;137;2025-01-11 00:28:53.516816;0.58;2025-01-11 01:03:57;2025-01-10;0.584300884444445;0;17;2409;OUTOFPLAN;Programado;Fuera de plan
389177;389177;5;17;2409;87;Acarreo en Mina;140;2025-01-11 01:17:24.630051;3.02;2025-01-11 04:18:30.511;2025-01-10;3.01830026361111;1;17;2409;OUTOFPLAN;Programado;Fuera de plan
389187;389187;5;17;2409;85;Acarreo en Mina;138;2025-01-11 02:08:24.924818;1.08;2025-01-11 03:13:16.122454;2025-01-10;1.08088823222222;2;17;2409;OUTOFPLAN;Programado;Fuera de plan
389188;389188;5;17;2409;88;Acarreo en Mina;128;2025-01-11 02:10:01.66737;2.18;2025-01-11 04:20:39.136873;2025-01-10;2.17707486194444;2;17;2409;OUTOFPLAN;Programado;Fuera de plan
389192;389192;5;17;2409;86;Acarreo en Mina;139;2025-01-11 02:21:22.892714;2.14;2025-01-11 04:29:35.237427;2025-01-10;2.13676242027778;2;17;2409;OUTOFPLAN;Programado;Fuera de plan
389193;389193;5;17;2409;89;Acarreo en Mina;137;2025-01-11 02:21:35.742519;0.06;2025-01-11 02:25:05;2025-01-10;0.0581270780555556;2;17;2409;OUTOFPLAN;Programado;Fuera de plan
389209;389209;5;17;2409;85;Acarreo en Mina;138;2025-01-11 03:36:11.519248;0.73;2025-01-11 04:20:06.426031;2025-01-10;0.731918550833333;3;17;2409;OUTOFPLAN;Programado;Fuera de plan
389214;389214;5;17;2409;89;Acarreo en Mina;137;2025-01-11 03:39:45.003741;0.62;2025-01-11 04:17:14.528;2025-01-10;0.624867849722222;3;17;2409;OUTOFPLAN;Programado;Fuera de plan
389476;389476;5;17;2409;89;Acarreo en Mina;145;2025-01-11 17:20:17.77282;0.57;2025-01-11 17:54:30.924;2025-01-11;0.570319772222222;17;17;2409;OUTOFPLAN;Programado;Fuera de plan
389549;389549;5;17;2409;88;Acarreo en Mina;145;2025-01-11 19:37:31.892886;1.52;2025-01-11 21:08:33.680626;2025-01-11;1.51716326111111;19;17;2409;OUTOFPLAN;Programado;Fuera de plan
389565;389565;5;17;2409;88;Acarreo en Mina;140;2025-01-11 21:12:54.103174;3.24;2025-01-12 00:27:11.86416;2025-01-11;3.23826694055556;21;17;2409;OUTOFPLAN;Programado;Fuera de plan
389566;389566;5;17;2409;89;Acarreo en Mina;137;2025-01-11 21:13:56.926664;2.50;2025-01-11 23:44:04.073372;2025-01-11;2.50198519666667;21;17;2409;OUTOFPLAN;Programado;Fuera de plan
389568;389568;5;17;2409;87;Acarreo en Mina;128;2025-01-11 21:16:12.539315;2.44;2025-01-11 23:42:26.371534;2025-01-11;2.43717561638889;21;17;2409;OUTOFPLAN;Programado;Fuera de plan
389571;389571;5;17;2409;86;Acarreo en Mina;139;2025-01-11 21:17:57.370834;2.41;2025-01-11 23:42:22.733873;2025-01-11;2.40704528861111;21;17;2409;OUTOFPLAN;Programado;Fuera de plan
389589;389589;5;17;2409;85;Acarreo en Mina;138;2025-01-11 22:45:15.715019;1.25;2025-01-12 00:00:04;2025-01-11;1.24674582805556;22;17;2409;OUTOFPLAN;Programado;Fuera de plan
390006;390006;5;17;2409;87;Acarreo en Mina;140;2025-01-13 00:50:40.649569;1.10;2025-01-13 01:56:40.721625;2025-01-12;1.10002001555556;0;17;2409;OUTOFPLAN;Programado;Fuera de plan
390037;390037;5;17;2409;85;Acarreo en Mina;138;2025-01-13 02:22:17.198804;0.75;2025-01-13 03:07:02.289768;2025-01-12;0.745858601111111;2;17;2409;OUTOFPLAN;Programado;Fuera de plan
390038;390038;5;17;2409;88;Acarreo en Mina;128;2025-01-13 02:22:21.053979;0.57;2025-01-13 02:56:45.402068;2025-01-12;0.573430024722222;2;17;2409;OUTOFPLAN;Programado;Fuera de plan
390228;390228;5;17;2409;89;Acarreo en Mina;145;2025-01-13 18:44:00.189747;0.76;2025-01-13 19:29:43.554359;2025-01-13;0.762045725555555;18;17;2409;OUTOFPLAN;Programado;Fuera de plan
390296;390296;5;17;2409;87;Acarreo en Mina;140;2025-01-13 22:29:10.606369;1.61;2025-01-14 00:05:39;2025-01-13;1.60788711972222;22;17;2409;OUTOFPLAN;Programado;Fuera de plan
390319;390319;5;17;2409;89;Acarreo en Mina;131;2025-01-13 23:49:04.02017;1.10;2025-01-14 00:54:52.024322;2025-01-13;1.09666782;23;17;2409;OUTOFPLAN;Programado;Fuera de plan
390329;390329;5;17;2409;87;Acarreo en Mina;140;2025-01-14 00:12:43.175443;0.10;2025-01-14 00:18:48;2025-01-13;0.101340154722222;0;17;2409;OUTOFPLAN;Programado;Fuera de plan
390331;390331;5;17;2409;88;Acarreo en Mina;137;2025-01-14 00:16:05.025245;0.48;2025-01-14 00:45:06.226882;2025-01-13;0.483667121388889;0;17;2409;OUTOFPLAN;Programado;Fuera de plan
390334;390334;5;17;2409;86;Acarreo en Mina;139;2025-01-14 00:28:07.522769;1.54;2025-01-14 02:00:20.872002;2025-01-13;1.53704145361111;0;17;2409;OUTOFPLAN;Programado;Fuera de plan
390348;390348;5;17;2409;89;Acarreo en Mina;128;2025-01-14 02:00:33.316517;0.17;2025-01-14 02:10:51.756696;2025-01-13;0.171788938611111;2;17;2409;OUTOFPLAN;Programado;Fuera de plan
390355;390355;5;17;2409;89;Acarreo en Mina;128;2025-01-14 03:03:47.935728;0.02;2025-01-14 03:05:06;2025-01-13;0.02168452;3;17;2409;OUTOFPLAN;Programado;Fuera de plan
390370;390370;5;17;2409;89;Acarreo en Mina;128;2025-01-14 03:53:29.404571;0.20;2025-01-14 04:05:25;2025-01-13;0.198776508055556;3;17;2409;OUTOFPLAN;Programado;Fuera de plan
390388;390388;5;17;2409;88;Acarreo en Mina;137;2025-01-14 05:14:03.238286;2.86;2025-01-14 08:05:33.32093;2025-01-13;2.85835629;5;17;2409;OUTOFPLAN;Programado;Fuera de plan
390655;390655;5;17;2409;87;Acarreo en Mina;140;2025-01-14 21:46:01.176027;3.39;2025-01-15 01:09:08.268629;2025-01-14;3.38530350055556;21;17;2409;OUTOFPLAN;Programado;Fuera de plan
390710;390710;5;17;2409;85;Acarreo en Mina;138;2025-01-15 02:05:17.504573;0.34;2025-01-15 02:25:35;2025-01-14;0.338193174166667;2;17;2409;OUTOFPLAN;Programado;Fuera de plan
390717;390717;5;17;2409;86;Acarreo en Mina;139;2025-01-15 02:51:25.711619;0.13;2025-01-15 02:58:55.964023;2025-01-14;0.125070112222222;2;17;2409;OUTOFPLAN;Programado;Fuera de plan
390720;390720;5;17;2409;85;Acarreo en Mina;138;2025-01-15 02:58:51.56457;0.16;2025-01-15 03:08:33.672476;2025-01-14;0.161696640555556;2;17;2409;OUTOFPLAN;Programado;Fuera de plan
391012;391012;5;17;2409;88;Acarreo en Mina;128;2025-01-15 20:00:14.195607;7.09;2025-01-16 03:05:56.055251;2025-01-15;7.09496101222222;20;17;2409;OUTOFPLAN;Programado;Fuera de plan
391018;391018;5;17;2409;89;Acarreo en Mina;137;2025-01-15 20:21:20.710402;0.31;2025-01-15 20:39:50.742601;2025-01-15;0.3083422775;20;17;2409;OUTOFPLAN;Programado;Fuera de plan
391035;391035;5;17;2409;89;Acarreo en Mina;137;2025-01-15 22:06:43.411325;1.58;2025-01-15 23:41:43.3115;2025-01-15;1.58330560416667;22;17;2409;OUTOFPLAN;Programado;Fuera de plan
391050;391050;5;17;2409;87;Acarreo en Mina;140;2025-01-15 23:41:39.417203;1.94;2025-01-16 01:37:54.143429;2025-01-15;1.93742395166667;23;17;2409;OUTOFPLAN;Programado;Fuera de plan
391071;391071;5;17;2409;89;Acarreo en Mina;137;2025-01-16 01:04:39.859063;0.55;2025-01-16 01:37:45.849614;2025-01-15;0.551664041944445;1;17;2409;OUTOFPLAN;Programado;Fuera de plan
391073;391073;5;17;2409;85;Acarreo en Mina;138;2025-01-16 01:05:03.32896;1.10;2025-01-16 02:10:53.325172;2025-01-15;1.09722117;1;17;2409;OUTOFPLAN;Programado;Fuera de plan
391074;391074;5;17;2409;86;Acarreo en Mina;139;2025-01-16 01:05:13.466542;0.85;2025-01-16 01:56:13.322694;2025-01-15;0.849960042222222;1;17;2409;OUTOFPLAN;Programado;Fuera de plan
391084;391084;5;17;2409;86;Acarreo en Mina;139;2025-01-16 01:57:34.338639;1.18;2025-01-16 03:08:15.604019;2025-01-15;1.17812927222222;1;17;2409;OUTOFPLAN;Programado;Fuera de plan
391096;391096;5;17;2409;88;Acarreo en Mina;128;2025-01-16 04:04:28.666922;1.89;2025-01-16 05:57:56.177;2025-01-15;1.89097502166667;4;17;2409;OUTOFPLAN;Programado;Fuera de plan
391106;391106;5;17;2409;89;Acarreo en Mina;137;2025-01-16 04:34:43.33433;4.06;2025-01-16 08:38:35.5524;2025-01-15;4.06450501944444;4;17;2409;OUTOFPLAN;Programado;Fuera de plan
391107;391107;5;17;2409;87;Acarreo en Mina;140;2025-01-16 04:34:48.621932;1.09;2025-01-16 05:40:05.420403;2025-01-15;1.08799957527778;4;17;2409;OUTOFPLAN;Programado;Fuera de plan
391108;391108;5;17;2409;86;Acarreo en Mina;139;2025-01-16 04:38:51.659003;0.99;2025-01-16 05:38:08.811729;2025-01-15;0.988097979444444;4;17;2409;OUTOFPLAN;Programado;Fuera de plan
391223;391223;5;17;2409;88;Acarreo en Mina;136;2025-01-16 11:15:23.689204;1.81;2025-01-16 13:04:17.003;2025-01-16;1.81480938777778;11;17;2409;OUTOFPLAN;Programado;Fuera de plan
391299;391299;5;17;2409;87;Acarreo en Mina;145;2025-01-16 15:56:28.866352;2.45;2025-01-16 18:23:21.489;2025-01-16;2.44795073555556;15;17;2409;OUTOFPLAN;Programado;Fuera de plan
391346;391346;5;17;2409;89;Acarreo en Mina;158;2025-01-16 18:25:18.500699;1.29;2025-01-16 19:42:54.661;2025-01-16;1.29337786138889;18;17;2409;OUTOFPLAN;Programado;Fuera de plan
391384;391384;5;17;2409;87;Acarreo en Mina;140;2025-01-16 19:27:29.763287;0.93;2025-01-16 20:23:25.52512;2025-01-16;0.932156064722222;19;17;2409;OUTOFPLAN;Programado;Fuera de plan
391399;391399;5;17;2409;89;Acarreo en Mina;137;2025-01-16 20:35:44.051149;0.95;2025-01-16 21:32:35.283649;2025-01-16;0.947564583333333;20;17;2409;OUTOFPLAN;Programado;Fuera de plan
391400;391400;5;17;2409;87;Acarreo en Mina;140;2025-01-16 20:36:38.385462;3.73;2025-01-17 00:20:25.13152;2025-01-16;3.72965168277778;20;17;2409;OUTOFPLAN;Programado;Fuera de plan
391408;391408;5;17;2409;86;Acarreo en Mina;139;2025-01-16 21:02:14.472688;0.50;2025-01-16 21:32:18.947641;2025-01-16;0.5012430425;21;17;2409;OUTOFPLAN;Programado;Fuera de plan
391409;391409;5;17;2409;88;Acarreo en Mina;138;2025-01-16 21:11:38.062054;0.35;2025-01-16 21:32:31.905801;2025-01-16;0.348289929722222;21;17;2409;OUTOFPLAN;Programado;Fuera de plan
391422;391422;5;17;2409;86;Acarreo en Mina;139;2025-01-16 22:08:06.469148;2.11;2025-01-17 00:14:44.544768;2025-01-16;2.11057656111111;22;17;2409;OUTOFPLAN;Programado;Fuera de plan
391423;391423;5;17;2409;88;Acarreo en Mina;138;2025-01-16 22:08:11.951971;2.04;2025-01-17 00:10:53.211;2025-01-16;2.04479417472222;22;17;2409;OUTOFPLAN;Programado;Fuera de plan
391424;391424;5;17;2409;89;Acarreo en Mina;137;2025-01-16 22:08:43.66323;2.10;2025-01-17 00:14:40.481032;2025-01-16;2.09911605611111;22;17;2409;OUTOFPLAN;Programado;Fuera de plan
391577;391577;5;17;2409;88;Acarreo en Mina;136;2025-01-17 08:17:37.13206;2.41;2025-01-17 10:42:02.819;2025-01-17;2.40713526111111;8;17;2409;OUTOFPLAN;Programado;Fuera de plan
391634;391634;5;17;2409;86;Acarreo en Mina;142;2025-01-17 11:27:25.152113;3.02;2025-01-17 14:28:41.802;2025-01-17;3.02129163527778;11;17;2409;OUTOFPLAN;Programado;Fuera de plan
391676;391676;5;17;2409;87;Acarreo en Mina;143;2025-01-17 15:11:28.027531;0.96;2025-01-17 16:09:19.708332;2025-01-17;0.964355778055556;15;17;2409;OUTOFPLAN;Programado;Fuera de plan
391757;391757;5;17;2409;85;Acarreo en Mina;158;2025-01-17 20:35:21.365696;6.41;2025-01-18 03:00:03.130307;2025-01-17;6.41160128083333;20;17;2409;OUTOFPLAN;Programado;Fuera de plan
391809;391809;5;17;2409;89;Acarreo en Mina;137;2025-01-18 02:36:52.97533;0.40;2025-01-18 03:00:43.562071;2025-01-17;0.397385205833333;2;17;2409;OUTOFPLAN;Programado;Fuera de plan
391810;391810;5;17;2409;88;Acarreo en Mina;138;2025-01-18 02:36:57.90463;0.96;2025-01-18 03:34:49.698532;2025-01-17;0.964387195;2;17;2409;OUTOFPLAN;Programado;Fuera de plan
391813;391813;5;17;2409;86;Acarreo en Mina;139;2025-01-18 02:38:33.668625;0.36;2025-01-18 03:00:25.070996;2025-01-17;0.364278436388889;2;17;2409;OUTOFPLAN;Programado;Fuera de plan
391834;391834;5;17;2409;89;Acarreo en Mina;137;2025-01-18 03:30:15.714169;0.89;2025-01-18 04:23:44.627;2025-01-17;0.891364675277778;3;17;2409;OUTOFPLAN;Programado;Fuera de plan
391839;391839;5;17;2409;85;Acarreo en Mina;128;2025-01-18 04:28:10.343085;0.68;2025-01-18 05:08:54.344;2025-01-17;0.678889143055556;4;17;2409;OUTOFPLAN;Programado;Fuera de plan
391853;391853;5;17;2409;89;Acarreo en Mina;137;2025-01-18 06:03:35.747045;2.16;2025-01-18 08:12:56.114313;2025-01-17;2.15565757444444;6;17;2409;OUTOFPLAN;Programado;Fuera de plan
391970;391970;5;17;2409;88;Acarreo en Mina;142;2025-01-18 12:00:11.391106;2.14;2025-01-18 14:08:18.228;2025-01-18;2.13523247055556;12;17;2409;OUTOFPLAN;Programado;Fuera de plan
392059;392059;5;17;2409;86;Acarreo en Mina;142;2025-01-18 17:01:47.647645;0.61;2025-01-18 17:38:32.271;2025-01-18;0.612395376388889;17;17;2409;OUTOFPLAN;Programado;Fuera de plan
392131;392131;5;17;2409;88;Acarreo en Mina;131;2025-01-18 19:56:15.928756;4.42;2025-01-19 00:21:33.844;2025-01-18;4.42164312333333;19;17;2409;OUTOFPLAN;Programado;Fuera de plan
392167;392167;5;17;2409;87;Acarreo en Mina;140;2025-01-18 23:01:02.630072;0.36;2025-01-18 23:22:37.102532;2025-01-18;0.359575683333333;23;17;2409;OUTOFPLAN;Programado;Fuera de plan
392172;392172;5;17;2409;87;Acarreo en Mina;140;2025-01-18 23:26:51.0428;0.93;2025-01-19 00:22:24.969646;2025-01-18;0.926090790555556;23;17;2409;OUTOFPLAN;Programado;Fuera de plan
392173;392173;5;17;2409;89;Acarreo en Mina;137;2025-01-18 23:27:05.264589;0.92;2025-01-19 00:22:30.716823;2025-01-18;0.923736731666667;23;17;2409;OUTOFPLAN;Programado;Fuera de plan
392178;392178;5;17;2409;85;Acarreo en Mina;138;2025-01-18 23:32:45.309664;1.02;2025-01-19 00:33:50.059887;2025-01-18;1.01798617305556;23;17;2409;OUTOFPLAN;Programado;Fuera de plan
392179;392179;5;17;2409;86;Acarreo en Mina;139;2025-01-18 23:35:32.757641;1.89;2025-01-19 01:29:01.350588;2025-01-18;1.89127581861111;23;17;2409;OUTOFPLAN;Programado;Fuera de plan
392213;392213;5;17;2409;87;Acarreo en Mina;140;2025-01-19 01:29:52.781323;0.26;2025-01-19 01:45:37.826939;2025-01-18;0.262512671111111;1;17;2409;OUTOFPLAN;Programado;Fuera de plan
392216;392216;5;17;2409;88;Acarreo en Mina;128;2025-01-19 02:01:19.449963;1.87;2025-01-19 03:53:33.386313;2025-01-18;1.870537875;2;17;2409;OUTOFPLAN;Programado;Fuera de plan
392245;392245;5;17;2409;88;Acarreo en Mina;128;2025-01-19 05:50:41.732447;1.39;2025-01-19 07:14:13.924565;2025-01-18;1.39227558833333;5;17;2409;OUTOFPLAN;Programado;Fuera de plan
392519;392519;5;17;2409;85;Acarreo en Mina;128;2025-01-19 23:05:36.010276;5.21;2025-01-20 04:17:55.162662;2025-01-19;5.20532010722222;23;17;2409;OUTOFPLAN;Programado;Fuera de plan
392528;392528;5;17;2409;87;Acarreo en Mina;140;2025-01-19 23:54:36.683204;2.08;2025-01-20 01:59:39.133458;2025-01-19;2.08401395944444;23;17;2409;OUTOFPLAN;Programado;Fuera de plan
392532;392532;5;17;2409;88;Acarreo en Mina;138;2025-01-20 00:12:48.761887;1.78;2025-01-20 01:59:42.746902;2025-01-19;1.78166250416667;0;17;2409;OUTOFPLAN;Programado;Fuera de plan
392536;392536;5;17;2409;89;Acarreo en Mina;137;2025-01-20 00:14:49.064874;1.75;2025-01-20 01:59:46.136556;2025-01-19;1.74918657833333;0;17;2409;OUTOFPLAN;Programado;Fuera de plan
392538;392538;5;17;2409;86;Acarreo en Mina;139;2025-01-20 00:20:57.741479;1.64;2025-01-20 01:59:34.037907;2025-01-19;1.64341567444444;0;17;2409;OUTOFPLAN;Programado;Fuera de plan
392842;392842;5;17;478;91;Tractor de Orugas;64;2025-01-20 18:34:42.562252;39.29;2025-01-22 09:52:22.940411;2025-01-20;39.2945494886111;18;17;2409;OUTOFPLAN;Programado;Fuera de plan
393298;393298;5;17;2409;89;Acarreo en Mina;137;2025-01-21 23:04:36.045876;1.02;2025-01-22 00:06:02.472468;2025-01-21;1.02400738666667;23;17;2409;OUTOFPLAN;Programado;Fuera de plan
393300;393300;5;17;2409;88;Acarreo en Mina;140;2025-01-21 23:06:07.936592;1.76;2025-01-22 00:51:40.488789;2025-01-21;1.75904227694444;23;17;2409;OUTOFPLAN;Programado;Fuera de plan
393302;393302;5;17;2409;86;Acarreo en Mina;139;2025-01-21 23:21:56.122403;1.48;2025-01-22 00:50:50.826;2025-01-21;1.48186211027778;23;17;2409;OUTOFPLAN;Programado;Fuera de plan
393303;393303;5;17;2409;85;Acarreo en Mina;138;2025-01-21 23:21:59.943325;1.42;2025-01-22 00:47:15.714;2025-01-21;1.42104740972222;23;17;2409;OUTOFPLAN;Programado;Fuera de plan
393351;393351;5;17;2409;87;Acarreo en Mina;137;2025-01-22 05:52:37.193934;4.68;2025-01-22 10:33:09.065;2025-01-21;4.67551974055556;5;17;2409;OUTOFPLAN;Programado;Fuera de plan
393833;393832;5;17;1501;59;Carguio en Mina;127;2025-01-23 12:00:41;13.37;2025-01-24 01:22:46.313957;2025-01-23;13.3681427658333;12;17;2409;OUTOFPLAN;Programado;Fuera de plan
394094;394094;5;17;2409;87;Acarreo en Mina;154;2025-01-24 14:08:04.91015;2.77;2025-01-24 16:54:26.985685;2025-01-24;2.77279875972222;14;17;2409;OUTOFPLAN;Programado;Fuera de plan
394645;394645;5;17;1501;59;Carguio en Mina;127;2025-01-26 06:59:11.245288;0.41;2025-01-26 07:23:39.837804;2025-01-25;0.407942365555556;6;17;2409;OUTOFPLAN;Programado;Fuera de plan
395387;395387;5;17;1501;59;Carguio en Mina;127;2025-01-29 01:51:50.189729;294.78;2025-02-10 08:38:42.297626;2025-01-28;294.7811410825;1;17;2409;OUTOFPLAN;Programado;Fuera de plan
397090;397090;5;17;2409;89;Acarreo en Mina;153;2025-02-04 14:22:05.001825;2.75;2025-02-04 17:06:54.339087;2025-02-04;2.74703812833333;14;17;2409;OUTOFPLAN;Programado;Fuera de plan
397095;397095;5;17;2409;84;Acarreo en Mina;148;2025-02-04 14:45:49.078932;26.42;2025-02-05 17:10:48.139087;2025-02-04;26.4164055986111;14;17;2409;OUTOFPLAN;Programado;Fuera de plan
397099;397099;5;17;2409;87;Acarreo en Mina;153;2025-02-04 14:55:14.592033;0.18;2025-02-04 15:06:01.749784;2025-02-04;0.179766041944444;14;17;2409;OUTOFPLAN;Programado;Fuera de plan
397102;397102;5;17;2409;88;Acarreo en Mina;151;2025-02-04 15:03:29.344687;0.34;2025-02-04 15:23:48.409616;2025-02-04;0.338629146944444;15;17;2409;OUTOFPLAN;Programado;Fuera de plan
397109;397109;5;17;2409;85;Acarreo en Mina;155;2025-02-04 15:10:39.296889;0.17;2025-02-04 15:21:07.746453;2025-02-04;0.174569323333333;15;17;2409;OUTOFPLAN;Programado;Fuera de plan
397128;397128;5;17;2409;85;Acarreo en Mina;155;2025-02-04 16:01:39.461038;1.03;2025-02-04 17:03:38.422;2025-02-04;1.03304471166667;16;17;2409;OUTOFPLAN;Programado;Fuera de plan
397137;397137;5;17;2409;87;Acarreo en Mina;153;2025-02-04 16:07:54.492346;1.21;2025-02-04 17:20:17.956101;2025-02-04;1.20651770972222;16;17;2409;OUTOFPLAN;Programado;Fuera de plan
397141;397141;5;17;2409;88;Acarreo en Mina;152;2025-02-04 16:49:09.743246;0.11;2025-02-04 16:55:54.489;2025-02-04;0.112429376111111;16;17;2409;OUTOFPLAN;Programado;Fuera de plan
397148;397148;5;17;2409;86;Acarreo en Mina;152;2025-02-04 17:18:50.921678;30.99;2025-02-06 00:18:25.442;2025-02-04;30.9929223116667;17;17;2409;OUTOFPLAN;Programado;Fuera de plan
397310;397310;5;17;2409;85;Acarreo en Mina;138;2025-02-05 07:37:56.268381;0.03;2025-02-05 07:40:01.089051;2025-02-05;0.0346724083333333;7;17;2409;OUTOFPLAN;Programado;Fuera de plan
397311;397311;5;17;2409;89;Acarreo en Mina;137;2025-02-05 07:38:00.281214;0.77;2025-02-05 08:24:13.258553;2025-02-05;0.770271483055556;7;17;2409;OUTOFPLAN;Programado;Fuera de plan
397312;397312;5;17;2409;88;Acarreo en Mina;139;2025-02-05 07:38:24.456597;0.77;2025-02-05 08:24:23.449401;2025-02-05;0.76638689;7;17;2409;OUTOFPLAN;Programado;Fuera de plan
397318;397318;5;17;2409;85;Acarreo en Mina;138;2025-02-05 07:45:25.626226;0.63;2025-02-05 08:23:25.928;2025-02-05;0.633417159444444;7;17;2409;OUTOFPLAN;Programado;Fuera de plan
397344;397344;5;17;2409;87;Acarreo en Mina;140;2025-02-05 09:37:54.850044;0.63;2025-02-05 10:15:45.730182;2025-02-05;0.630800038333333;9;17;2409;OUTOFPLAN;Programado;Fuera de plan
397460;397460;5;17;2409;84;Acarreo en Mina;128;2025-02-05 17:16:27.67107;6.79;2025-02-06 00:03:42.733688;2025-02-05;6.78751739388889;17;17;2409;OUTOFPLAN;Programado;Fuera de plan
397723;397723;5;17;2409;86;Acarreo en Mina;145;2025-02-06 07:57:25.831314;1.35;2025-02-06 09:18:08.954;2025-02-06;1.34531185722222;7;17;2409;OUTOFPLAN;Programado;Fuera de plan
397748;397748;5;17;2409;85;Acarreo en Mina;158;2025-02-06 09:20:33.913348;6.48;2025-02-06 15:49:24.391079;2025-02-06;6.48068825861111;9;17;2409;OUTOFPLAN;Programado;Fuera de plan
397858;397858;5;17;2409;88;Acarreo en Mina;128;2025-02-06 18:25:32.310628;1.10;2025-02-06 19:31:21.559725;2025-02-06;1.09701363805556;18;17;2409;OUTOFPLAN;Programado;Fuera de plan
397965;397965;5;17;2409;89;Acarreo en Mina;145;2025-02-07 00:13:04.876929;2.97;2025-02-07 03:11:06.341;2025-02-06;2.96707335305556;0;17;2409;OUTOFPLAN;Programado;Fuera de plan
398138;398138;5;17;2409;87;Acarreo en Mina;136;2025-02-07 09:37:24.204272;0.49;2025-02-07 10:06:55.599828;2025-02-07;0.492054321111111;9;17;2409;OUTOFPLAN;Programado;Fuera de plan
398165;398165;5;17;2409;87;Acarreo en Mina;131;2025-02-07 12:06:48.625521;2.29;2025-02-07 14:24:20.992354;2025-02-07;2.29232412027778;12;17;2409;OUTOFPLAN;Programado;Fuera de plan
398180;398180;5;17;2409;86;Acarreo en Mina;136;2025-02-07 12:52:08.461784;16.45;2025-02-08 05:18:52.355;2025-02-07;16.4455258933333;12;17;2409;OUTOFPLAN;Programado;Fuera de plan
398236;398236;5;17;2409;87;Acarreo en Mina;131;2025-02-07 15:03:42.496477;9.54;2025-02-08 00:36:07.1456;2025-02-07;9.54018031194444;15;17;2409;OUTOFPLAN;Programado;Fuera de plan
398239;398239;5;17;2409;84;Acarreo en Mina;140;2025-02-07 15:09:00.346851;1.09;2025-02-07 16:14:24.07575;2025-02-07;1.08992469416667;15;17;2409;OUTOFPLAN;Programado;Fuera de plan
398241;398241;5;17;2409;88;Acarreo en Mina;139;2025-02-07 15:10:53.959519;1.09;2025-02-07 16:16:21.587488;2025-02-07;1.09100776916667;15;17;2409;OUTOFPLAN;Programado;Fuera de plan
398244;398244;5;17;2409;85;Acarreo en Mina;138;2025-02-07 15:15:13.921824;1.02;2025-02-07 16:16:24.790504;2025-02-07;1.01968574444444;15;17;2409;OUTOFPLAN;Programado;Fuera de plan
398245;398245;5;17;2409;89;Acarreo en Mina;137;2025-02-07 15:15:18.136485;1.02;2025-02-07 16:16:29.324453;2025-02-07;1.01977443555556;15;17;2409;OUTOFPLAN;Programado;Fuera de plan
398335;398335;5;17;2409;88;Acarreo en Mina;129;2025-02-07 19:33:26.903968;5.03;2025-02-08 00:35:08.364;2025-02-07;5.02818334222222;19;17;2409;OUTOFPLAN;Programado;Fuera de plan
398441;398441;5;17;2409;85;Acarreo en Mina;158;2025-02-08 00:37:28.267261;1.42;2025-02-08 02:02:28.842;2025-02-07;1.41682631638889;0;17;2409;OUTOFPLAN;Programado;Fuera de plan
398442;398442;5;17;2409;84;Acarreo en Mina;136;2025-02-08 00:40:28.147908;1.36;2025-02-08 02:02:16.438718;2025-02-07;1.36341411388889;0;17;2409;OUTOFPLAN;Programado;Fuera de plan
398449;398449;5;17;2409;87;Acarreo en Mina;143;2025-02-08 02:18:00.661864;3.68;2025-02-08 05:58:34.946;2025-02-07;3.67619003777778;2;17;2409;OUTOFPLAN;Programado;Fuera de plan
398450;398450;5;17;2409;88;Acarreo en Mina;142;2025-02-08 02:20:57.294687;2.74;2025-02-08 05:05:20.407332;2025-02-07;2.7397535125;2;17;2409;OUTOFPLAN;Programado;Fuera de plan
398490;398490;5;17;2409;84;Acarreo en Mina;136;2025-02-08 04:22:35.733691;0.58;2025-02-08 04:57:37.854248;2025-02-07;0.583922376944444;4;17;2409;OUTOFPLAN;Programado;Fuera de plan
398559;398559;5;17;2409;85;Acarreo en Mina;138;2025-02-08 07:29:37.725753;0.23;2025-02-08 07:43:42.897947;2025-02-08;0.234770053888889;7;17;2409;OUTOFPLAN;Programado;Fuera de plan
398560;398560;5;17;2409;86;Acarreo en Mina;139;2025-02-08 07:35:27.132104;0.15;2025-02-08 07:44:16.735037;2025-02-08;0.147111925833333;7;17;2409;OUTOFPLAN;Programado;Fuera de plan
398561;398561;5;17;2409;87;Acarreo en Mina;128;2025-02-08 07:35:32.086322;5.22;2025-02-08 12:48:48.340961;2025-02-08;5.22118184416667;7;17;2409;OUTOFPLAN;Programado;Fuera de plan
398562;398562;5;17;2409;89;Acarreo en Mina;137;2025-02-08 07:38:25.89031;0.04;2025-02-08 07:40:56.484262;2025-02-08;0.0418316533333333;7;17;2409;OUTOFPLAN;Programado;Fuera de plan
398565;398565;5;17;2409;88;Acarreo en Mina;131;2025-02-08 07:43:07.563487;2.44;2025-02-08 10:09:33.373802;2025-02-08;2.44050286527778;7;17;2409;OUTOFPLAN;Programado;Fuera de plan
398591;398591;5;17;2409;85;Acarreo en Mina;138;2025-02-08 09:38:19.205202;0.09;2025-02-08 09:43:59.885;2025-02-08;0.0946332772222222;9;17;2409;OUTOFPLAN;Programado;Fuera de plan
398641;398641;5;17;2409;89;Acarreo en Mina;137;2025-02-08 13:12:13.206716;1.91;2025-02-08 15:06:34.813523;2025-02-08;1.90600189083333;13;17;2409;OUTOFPLAN;Programado;Fuera de plan
398644;398644;5;17;2409;86;Acarreo en Mina;139;2025-02-08 13:34:29.58122;1.30;2025-02-08 14:52:31.728035;2025-02-08;1.3005963375;13;17;2409;OUTOFPLAN;Programado;Fuera de plan
398671;398671;5;17;2409;88;Acarreo en Mina;137;2025-02-08 14:52:18.576912;0.08;2025-02-08 14:57:21.930505;2025-02-08;0.0842648869444444;14;17;2409;OUTOFPLAN;Programado;Fuera de plan
398678;398678;5;17;2409;88;Acarreo en Mina;137;2025-02-08 16:18:04.438972;0.78;2025-02-08 17:04:38.545053;2025-02-08;0.776140578055555;16;17;2409;OUTOFPLAN;Programado;Fuera de plan
398683;398683;5;17;2409;87;Acarreo en Mina;138;2025-02-08 16:27:45.708727;0.46;2025-02-08 16:55:31.806;2025-02-08;0.462804798055556;16;17;2409;OUTOFPLAN;Programado;Fuera de plan
398684;398684;5;17;2409;89;Acarreo en Mina;128;2025-02-08 16:31:10.09702;0.41;2025-02-08 16:55:40.701882;2025-02-08;0.408501350555556;16;17;2409;OUTOFPLAN;Programado;Fuera de plan
398687;398687;5;17;2409;84;Acarreo en Mina;140;2025-02-08 16:42:34.86571;1.83;2025-02-08 18:32:10.880547;2025-02-08;1.82667078805556;16;17;2409;OUTOFPLAN;Programado;Fuera de plan
398697;398697;5;17;2409;89;Acarreo en Mina;128;2025-02-08 17:36:43.584478;0.61;2025-02-08 18:13:32.308705;2025-02-08;0.6135345075;17;17;2409;OUTOFPLAN;Programado;Fuera de plan
398698;398698;5;17;2409;88;Acarreo en Mina;137;2025-02-08 17:36:48.32782;1.88;2025-02-08 19:29:37.868089;2025-02-08;1.8804278525;17;17;2409;OUTOFPLAN;Programado;Fuera de plan
398699;398699;5;17;2409;86;Acarreo en Mina;139;2025-02-08 17:37:22.688861;0.60;2025-02-08 18:13:24.584256;2025-02-08;0.600526498611111;17;17;2409;OUTOFPLAN;Programado;Fuera de plan
398701;398701;5;17;2409;87;Acarreo en Mina;138;2025-02-08 17:42:49.179895;0.51;2025-02-08 18:13:28.736719;2025-02-08;0.510988006666667;17;17;2409;OUTOFPLAN;Programado;Fuera de plan
398725;398725;5;17;2409;85;Acarreo en Mina;138;2025-02-08 18:46:01.902353;4.16;2025-02-08 22:55:40.879891;2025-02-08;4.16082709388889;18;17;2409;OUTOFPLAN;Programado;Fuera de plan
398812;398812;5;17;2409;84;Acarreo en Mina;136;2025-02-08 20:47:26.132688;5.85;2025-02-09 02:38:36.563081;2025-02-08;5.85289733138889;20;17;2409;OUTOFPLAN;Programado;Fuera de plan
398816;398816;5;17;2409;86;Acarreo en Mina;142;2025-02-08 21:01:32.858038;0.53;2025-02-08 21:33:24.931;2025-02-08;0.531131378333333;21;17;2409;OUTOFPLAN;Programado;Fuera de plan
398819;398819;5;17;2409;88;Acarreo en Mina;129;2025-02-08 21:06:18.163313;0.43;2025-02-08 21:31:59.828932;2025-02-08;0.428240449722222;21;17;2409;OUTOFPLAN;Programado;Fuera de plan
398898;398898;5;17;2409;88;Acarreo en Mina;143;2025-02-09 02:18:18.860902;13.16;2025-02-09 15:27:46.955782;2025-02-08;13.1578041333333;2;17;2409;OUTOFPLAN;Programado;Fuera de plan
398901;398901;5;17;2409;86;Acarreo en Mina;136;2025-02-09 02:30:16.958899;5.72;2025-02-09 08:13:40;2025-02-08;5.7230669725;2;17;2409;OUTOFPLAN;Programado;Fuera de plan
398948;398948;5;17;2409;85;Acarreo en Mina;145;2025-02-09 04:03:11.502312;4.72;2025-02-09 08:46:20.856083;2025-02-08;4.71926493638889;4;17;2409;OUTOFPLAN;Programado;Fuera de plan
398961;398961;5;17;2409;84;Acarreo en Mina;136;2025-02-09 05:54:04.547253;0.07;2025-02-09 05:58:10.523491;2025-02-08;0.0683267327777778;5;17;2409;OUTOFPLAN;Programado;Fuera de plan
398998;398998;5;17;2409;89;Acarreo en Mina;145;2025-02-09 08:40:29.765268;3.25;2025-02-09 11:55:12.319;2025-02-09;3.24515381444444;8;17;2409;OUTOFPLAN;Programado;Fuera de plan
399012;399012;5;17;2409;85;Acarreo en Mina;138;2025-02-09 09:09:10.759185;2.65;2025-02-09 11:48:23.126;2025-02-09;2.65343522638889;9;17;2409;OUTOFPLAN;Programado;Fuera de plan
399015;399015;5;17;2409;87;Acarreo en Mina;139;2025-02-09 09:15:01.376704;10.07;2025-02-09 19:18:55.776571;2025-02-09;10.0651110741667;9;17;2409;OUTOFPLAN;Programado;Fuera de plan
399045;399045;5;17;2409;86;Acarreo en Mina;138;2025-02-09 10:16:46.918023;3.54;2025-02-09 13:49:19.964912;2025-02-09;3.54251302472222;10;17;2409;OUTOFPLAN;Programado;Fuera de plan
399060;399060;5;17;2409;84;Acarreo en Mina;140;2025-02-09 11:58:29.641949;0.81;2025-02-09 12:47:06.653559;2025-02-09;0.810281002777778;11;17;2409;OUTOFPLAN;Programado;Fuera de plan
399076;399076;5;17;2409;89;Acarreo en Mina;137;2025-02-09 12:47:57.349414;0.08;2025-02-09 12:52:46.851282;2025-02-09;0.0804171855555556;12;17;2409;OUTOFPLAN;Programado;Fuera de plan
399079;399079;5;17;2409;85;Acarreo en Mina;138;2025-02-09 12:48:39.527135;1.31;2025-02-09 14:07:09.017;2025-02-09;1.30819162916667;12;17;2409;OUTOFPLAN;Programado;Fuera de plan
399091;399091;5;17;2409;89;Acarreo en Mina;128;2025-02-09 15:27:56.334874;0.49;2025-02-09 15:57:31.296255;2025-02-09;0.493044828055556;15;17;2409;OUTOFPLAN;Programado;Fuera de plan
399124;399124;5;17;2409;84;Acarreo en Mina;140;2025-02-09 16:56:46.857353;0.09;2025-02-09 17:02:10.356207;2025-02-09;0.0898607927777778;16;17;2409;OUTOFPLAN;Programado;Fuera de plan
399126;399126;5;17;2409;85;Acarreo en Mina;138;2025-02-09 16:56:54.022281;0.16;2025-02-09 17:06:44.920202;2025-02-09;0.164138311388889;16;17;2409;OUTOFPLAN;Programado;Fuera de plan
399127;399127;5;17;2409;86;Acarreo en Mina;139;2025-02-09 16:57:01.091702;0.16;2025-02-09 17:06:31.327804;2025-02-09;0.158398917222222;16;17;2409;OUTOFPLAN;Programado;Fuera de plan
399129;399129;5;17;2409;88;Acarreo en Mina;137;2025-02-09 16:57:26.492681;0.15;2025-02-09 17:06:34.636702;2025-02-09;0.152262228055556;16;17;2409;OUTOFPLAN;Programado;Fuera de plan
399130;399130;5;17;2409;89;Acarreo en Mina;21;2025-02-09 16:57:31.273526;0.10;2025-02-09 17:03:42.399;2025-02-09;0.103090409444444;16;17;2409;OUTOFPLAN;Programado;Fuera de plan
399229;399229;5;17;2409;89;Acarreo en Mina;145;2025-02-09 20:13:57.651229;3.10;2025-02-09 23:20:13.69;2025-02-09;3.10445521416667;20;17;2409;OUTOFPLAN;Programado;Fuera de plan
399233;399233;5;17;2409;84;Acarreo en Mina;140;2025-02-09 20:15:12.970792;2.87;2025-02-09 23:07:24.807479;2025-02-09;2.86995463527778;20;17;2409;OUTOFPLAN;Programado;Fuera de plan
399234;399234;5;17;2409;88;Acarreo en Mina;129;2025-02-09 20:19:58.864111;4.43;2025-02-10 00:46:04.311203;2025-02-09;4.43484641444444;20;17;2409;OUTOFPLAN;Programado;Fuera de plan
399235;399235;5;17;2409;87;Acarreo en Mina;143;2025-02-09 20:20:11.181135;3.04;2025-02-09 23:22:40.445;2025-02-09;3.04146218472222;20;17;2409;OUTOFPLAN;Programado;Fuera de plan
399249;399249;5;17;2409;85;Acarreo en Mina;158;2025-02-09 20:40:50.643396;2.67;2025-02-09 23:20:45.688;2025-02-09;2.66529016777778;20;17;2409;OUTOFPLAN;Programado;Fuera de plan
399322;399322;5;17;2409;87;Acarreo en Mina;143;2025-02-10 01:26:35.328563;1.07;2025-02-10 02:30:32.829;2025-02-09;1.06597234361111;1;17;2409;OUTOFPLAN;Programado;Fuera de plan
399348;399348;5;17;2409;86;Acarreo en Mina;142;2025-02-09 20:20:54;2.76;2025-02-09 23:06:44.3;2025-02-09;2.76397222222222;20;17;2409;OUTOFPLAN;Programado;Fuera de plan
399370;399370;5;17;2409;87;Acarreo en Mina;143;2025-02-10 05:47:03.883982;0.83;2025-02-10 06:36:56.046591;2025-02-09;0.831156280277778;5;17;2409;OUTOFPLAN;Programado;Fuera de plan
399373;399373;5;17;2409;89;Acarreo en Mina;145;2025-02-10 06:07:09.559203;2.44;2025-02-10 08:33:47.984718;2025-02-09;2.4440070875;6;17;2409;OUTOFPLAN;Programado;Fuera de plan
399424;399424;5;17;2409;88;Acarreo en Mina;137;2025-02-10 07:26:44.928871;1.71;2025-02-10 09:09:08.507163;2025-02-10;1.70654952555556;7;17;2409;OUTOFPLAN;Programado;Fuera de plan
399429;399429;5;17;2409;87;Acarreo en Mina;138;2025-02-10 07:56:11.052936;0.08;2025-02-10 08:00:46.454144;2025-02-10;0.0765003355555555;7;17;2409;OUTOFPLAN;Programado;Fuera de plan
399431;399431;5;17;2409;86;Acarreo en Mina;139;2025-02-10 08:18:26.258074;0.25;2025-02-10 08:33:41.906989;2025-02-10;0.254346920833333;8;17;2409;OUTOFPLAN;Programado;Fuera de plan
399436;399436;5;17;2409;87;Acarreo en Mina;138;2025-02-10 09:03:41.107567;0.73;2025-02-10 09:47:46.879784;2025-02-10;0.734936726944444;9;17;2409;OUTOFPLAN;Programado;Fuera de plan
399438;399438;5;17;2409;89;Acarreo en Mina;137;2025-02-10 09:05:34.796732;0.71;2025-02-10 09:47:58.001677;2025-02-10;0.706445818055556;9;17;2409;OUTOFPLAN;Programado;Fuera de plan
399440;399440;5;17;2409;86;Acarreo en Mina;139;2025-02-10 09:09:04.11906;0.65;2025-02-10 09:47:53.258405;2025-02-10;0.646983151388889;9;17;2409;OUTOFPLAN;Programado;Fuera de plan
399500;399500;5;17;2409;87;Acarreo en Mina;138;2025-02-10 12:16:42.007892;1.65;2025-02-10 13:55:37.372;2025-02-10;1.64871225222222;12;17;2409;OUTOFPLAN;Programado;Fuera de plan
399503;399503;5;17;2409;84;Acarreo en Mina;140;2025-02-10 12:20:12.791067;1.61;2025-02-10 13:56:48.117971;2025-02-10;1.60981302888889;12;17;2409;OUTOFPLAN;Programado;Fuera de plan
399518;399518;5;17;2409;89;Acarreo en Mina;137;2025-02-10 13:57:12.688258;1.60;2025-02-10 15:33:11.099873;2025-02-10;1.59955878194444;13;17;2409;OUTOFPLAN;Programado;Fuera de plan
399521;399521;5;17;2409;88;Acarreo en Mina;128;2025-02-10 14:18:03.667128;1.66;2025-02-10 15:57:54.034949;2025-02-10;1.66399106138889;14;17;2409;OUTOFPLAN;Programado;Fuera de plan
399527;399527;5;17;2409;86;Acarreo en Mina;139;2025-02-10 14:50:11.645991;1.13;2025-02-10 15:58:02.119859;2025-02-10;1.13068718555556;14;17;2409;OUTOFPLAN;Programado;Fuera de plan
399531;399531;5;17;2409;85;Acarreo en Mina;158;2025-02-10 15:12:45.236766;6.03;2025-02-10 21:14:35.2;2025-02-10;6.03054534277778;15;17;2409;OUTOFPLAN;Programado;Fuera de plan
399636;399636;5;17;2409;84;Acarreo en Mina;140;2025-02-10 21:03:27.576907;1.06;2025-02-10 22:06:52.372181;2025-02-10;1.05688757611111;21;17;2409;OUTOFPLAN;Programado;Fuera de plan
399642;399642;5;17;2409;86;Acarreo en Mina;142;2025-02-10 21:10:14.807393;0.03;2025-02-10 21:12:03.589;2025-02-10;0.0302171130555556;21;17;2409;OUTOFPLAN;Programado;Fuera de plan
399915;399915;5;17;2409;88;Acarreo en Mina;139;2025-02-11 19:07:53.396194;0.51;2025-02-11 19:38:27.817;2025-02-11;0.509561335;19;17;2409;OUTOFPLAN;Programado;Fuera de plan
400219;400219;5;17;2409;86;Acarreo en Mina;140;2025-02-12 18:56:13.221367;4.24;2025-02-12 23:10:42.091;2025-02-12;4.24135267583333;18;17;2409;OUTOFPLAN;Programado;Fuera de plan
400358;400358;5;17;2409;86;Acarreo en Mina;142;2025-02-13 05:53:36.007691;2.09;2025-02-13 07:59:00.293;2025-02-12;2.0900792525;5;17;2409;OUTOFPLAN;Programado;Fuera de plan
400526;400526;5;17;2409;87;Acarreo en Mina;140;2025-02-13 17:32:39.525332;9.35;2025-02-14 02:53:41.282;2025-02-13;9.35048796333333;17;17;2409;OUTOFPLAN;Programado;Fuera de plan
400567;400567;5;17;2409;88;Acarreo en Mina;145;2025-02-13 19:16:18.76928;0.02;2025-02-13 19:17:27.982;2025-02-13;0.0192257555555556;19;17;2409;OUTOFPLAN;Programado;Fuera de plan
400569;400569;5;17;2409;88;Acarreo en Mina;145;2025-02-13 19:20:29.347794;0.48;2025-02-13 19:49:34.28;2025-02-13;0.484703390555556;19;17;2409;OUTOFPLAN;Programado;Fuera de plan
400570;400570;5;17;2409;85;Acarreo en Mina;158;2025-02-13 19:20:36.787526;0.43;2025-02-13 19:46:07.31;2025-02-13;0.425145131666667;19;17;2409;OUTOFPLAN;Programado;Fuera de plan
400571;400571;5;17;2409;86;Acarreo en Mina;143;2025-02-13 19:20:41.097632;0.58;2025-02-13 19:55:44.174;2025-02-13;0.58418788;19;17;2409;OUTOFPLAN;Programado;Fuera de plan
400575;400575;5;17;2409;89;Acarreo en Mina;136;2025-02-13 19:32:12.980493;0.41;2025-02-13 19:56:31.517;2025-02-13;0.405149029722222;19;17;2409;OUTOFPLAN;Programado;Fuera de plan
400639;400639;5;17;2409;88;Acarreo en Mina;145;2025-02-14 02:46:38.018563;22.98;2025-02-15 01:45:21.592;2025-02-13;22.9787703991667;2;17;2409;OUTOFPLAN;Programado;Fuera de plan
400663;400649;5;17;2409;85;Acarreo en Mina;158;2025-02-14 03:46:17;10.03;2025-02-14 13:47:55.966454;2025-02-13;10.0274906816667;3;17;2409;OUTOFPLAN;Programado;Fuera de plan
400850;400850;5;17;2409;86;Acarreo en Mina;138;2025-02-14 18:24:08.255731;1.35;2025-02-14 19:45:18.12;2025-02-14;1.35274007472222;18;17;2409;OUTOFPLAN;Programado;Fuera de plan
400891;400891;5;17;2409;85;Acarreo en Mina;138;2025-02-14 19:39:04.388436;5.33;2025-02-15 00:58:53.397278;2025-02-14;5.33028023388889;19;17;2409;OUTOFPLAN;Programado;Fuera de plan
400926;400926;5;17;2409;89;Acarreo en Mina;145;2025-02-15 00:19:09.760608;0.66;2025-02-15 00:59:02.048;2025-02-14;0.664524275555556;0;17;2409;OUTOFPLAN;Programado;Fuera de plan
400947;400946;5;17;2409;85;Acarreo en Mina;158;2025-02-15 01:30:28;7.93;2025-02-15 09:26:28.72136;2025-02-14;7.93353371111111;1;17;2409;OUTOFPLAN;Programado;Fuera de plan
400957;400957;5;17;2409;86;Acarreo en Mina;142;2025-02-15 02:58:00.263945;6.61;2025-02-15 09:34:25.79;2025-02-14;6.60709057083333;2;17;2409;OUTOFPLAN;Programado;Fuera de plan
401249;401249;5;17;2409;86;Acarreo en Mina;142;2025-02-15 20:29:26.790236;0.92;2025-02-15 21:24:30.726666;2025-02-15;0.917760119444444;20;17;2409;OUTOFPLAN;Programado;Fuera de plan
401270;401270;5;17;2409;86;Acarreo en Mina;129;2025-02-15 22:54:59.747465;0.27;2025-02-15 23:10:59.201;2025-02-15;0.266514870833333;22;17;2409;OUTOFPLAN;Programado;Fuera de plan
401276;401276;5;17;2409;87;Acarreo en Mina;143;2025-02-15 23:10:20.473402;1.78;2025-02-16 00:57:24.755;2025-02-15;1.78452266611111;23;17;2409;OUTOFPLAN;Programado;Fuera de plan
401319;401319;5;17;2409;86;Acarreo en Mina;142;2025-02-16 02:58:21.775407;0.80;2025-02-16 03:46:15.474847;2025-02-15;0.798249844444444;2;17;2409;OUTOFPLAN;Programado;Fuera de plan
401638;401638;5;17;2409;88;Acarreo en Mina;137;2025-02-16 19:57:17.886985;0.93;2025-02-16 20:53:10.101;2025-02-16;0.931170559722222;19;17;2409;OUTOFPLAN;Programado;Fuera de plan
401915;401915;5;17;2409;86;Acarreo en Mina;131;2025-02-17 18:49:56.479539;9.38;2025-02-18 04:12:56.97792;2025-02-17;9.3834717725;18;17;2409;OUTOFPLAN;Programado;Fuera de plan
402386;402380;5;17;2409;88;Acarreo en Mina;145;2025-02-18 23:10:43;5.62;2025-02-19 04:48:09.144469;2025-02-18;5.62392901916667;23;17;2409;OUTOFPLAN;Programado;Fuera de plan
402398;402398;5;17;2409;89;Acarreo en Mina;136;2025-02-19 00:34:30.974582;2.46;2025-02-19 03:01:56.142;2025-02-18;2.45699094944444;0;17;2409;OUTOFPLAN;Programado;Fuera de plan
402438;402438;5;17;2409;86;Acarreo en Mina;142;2025-02-19 04:12:45.130272;0.10;2025-02-19 04:18:31.837;2025-02-18;0.0963074244444444;4;17;2409;OUTOFPLAN;Programado;Fuera de plan
402457;402457;5;17;2409;87;Acarreo en Mina;143;2025-02-19 05:49:35.684796;0.32;2025-02-19 06:08:46.412739;2025-02-18;0.319646650833333;5;17;2409;OUTOFPLAN;Programado;Fuera de plan
402467;402467;5;17;2409;89;Acarreo en Mina;136;2025-02-19 06:50:08.655908;8.25;2025-02-19 15:04:52.787;2025-02-18;8.24559197;6;17;2409;OUTOFPLAN;Programado;Fuera de plan
402691;402691;5;17;2409;85;Acarreo en Mina;138;2025-02-19 18:00:28.520759;1.14;2025-02-19 19:08:53.117;2025-02-19;1.1401656225;18;17;2409;OUTOFPLAN;Programado;Fuera de plan
402728;402728;5;17;2409;87;Acarreo en Mina;140;2025-02-19 19:04:39.523151;0.82;2025-02-19 19:53:44.757;2025-02-19;0.818120513611111;19;17;2409;OUTOFPLAN;Programado;Fuera de plan
402751;402751;5;17;2409;89;Acarreo en Mina;143;2025-02-19 21:57:35.536475;6.27;2025-02-20 04:13:59.855;2025-02-19;6.2734218125;21;17;2409;OUTOFPLAN;Programado;Fuera de plan
402778;402778;5;17;2409;87;Acarreo en Mina;143;2025-02-20 04:05:36.463124;0.05;2025-02-20 04:08:31.130949;2025-02-19;0.0485188402777778;4;17;2409;OUTOFPLAN;Programado;Fuera de plan
402781;402781;5;17;2409;87;Acarreo en Mina;143;2025-02-20 04:10:56.419231;15.43;2025-02-20 19:36:44.675;2025-02-19;15.4300710469444;4;17;2409;OUTOFPLAN;Programado;Fuera de plan
402914;402914;5;17;2409;85;Acarreo en Mina;157;2025-02-20 17:03:31.076624;2.77;2025-02-20 19:49:27.251;2025-02-20;2.76560399333333;17;17;2409;OUTOFPLAN;Programado;Fuera de plan
402947;402947;5;17;2409;87;Acarreo en Mina;154;2025-02-20 20:06:02.843946;5.83;2025-02-21 01:56:06.566634;2025-02-20;5.83436741333333;20;17;2409;OUTOFPLAN;Programado;Fuera de plan
403097;403097;5;17;2409;85;Acarreo en Mina;154;2025-02-21 13:42:22.058551;0.64;2025-02-21 14:21:02.049343;2025-02-21;0.644441886666667;13;17;2409;OUTOFPLAN;Programado;Fuera de plan
403122;403122;5;17;137;28;Carguio en Mina;85;2025-02-21 15:00:55.24687;0.00;;2025-02-21;;15;17;2409;OUTOFPLAN;Programado;Fuera de plan
403158;403158;5;17;2409;89;Acarreo en Mina;150;2025-02-21 18:11:10.053515;0.07;2025-02-21 18:15:06.626281;2025-02-21;0.0657146572222222;18;17;2409;OUTOFPLAN;Programado;Fuera de plan
403555;403555;5;17;1501;92;Carguio en Mina;0;2025-02-23 09:52:10.566192;0.01;2025-02-23 09:52:52.435905;2025-02-23;0.0116304758333333;9;17;2409;OUTOFPLAN;Programado;Fuera de plan
404412;404412;5;17;1501;59;Carguio en Mina;159;2025-02-26 18:23:39.052976;0.00;;2025-02-26;;18;17;2409;OUTOFPLAN;Programado;Fuera de plan
405090;405090;5;17;2409;87;Acarreo en Mina;148;2025-03-01 18:34:39.358442;23.57;2025-03-02 18:09:06.210211;2025-03-01;23.5741254913889;18;17;2409;OUTOFPLAN;Programado;Fuera de plan
405201;405201;5;17;2409;85;Acarreo en Mina;147;2025-03-02 07:17:02.741445;10.66;2025-03-02 17:56:20.91037;2025-03-02;10.6550469236111;7;17;2409;OUTOFPLAN;Programado;Fuera de plan
405712;405711;5;17;2409;88;Acarreo en Mina;157;2025-03-03 21:28:23;8.00;2025-03-04 05:28:05.701;2025-03-03;7.99519472222222;21;17;2409;OUTOFPLAN;Programado;Fuera de plan
405849;405849;5;17;2409;85;Acarreo en Mina;151;2025-03-04 12:59:59.718843;3.37;2025-03-04 16:22:25.100465;2025-03-04;3.37371711722222;12;17;2409;OUTOFPLAN;Programado;Fuera de plan
405927;405917;5;17;2409;86;Acarreo en Mina;147;2025-03-04 19:51:14;1.34;2025-03-04 21:11:24.247;2025-03-04;1.33617972222222;19;17;2409;OUTOFPLAN;Programado;Fuera de plan
406254;406254;5;17;2409;88;Acarreo en Mina;129;2025-03-05 19:16:50.4985;12.43;2025-03-06 07:42:22.63;2025-03-05;12.4255920833333;19;17;2409;OUTOFPLAN;Programado;Fuera de plan
406337;406337;5;17;2409;84;Acarreo en Mina;140;2025-03-06 06:10:59.796667;1.74;2025-03-06 07:55:25.027901;2025-03-05;1.74034200944444;6;17;2409;OUTOFPLAN;Programado;Fuera de plan
406943;406943;5;17;2409;88;Acarreo en Mina;129;2025-03-07 18:56:16.717384;0.02;2025-03-07 18:57:13.130464;2025-03-07;0.0156703;18;17;2409;OUTOFPLAN;Programado;Fuera de plan
408264;408178;5;17;2409;86;Acarreo en Mina;142;2025-03-11 07:57:31;7.33;2025-03-11 15:17:31.603;2025-03-11;7.33350083333333;7;17;2409;OUTOFPLAN;Programado;Fuera de plan
408265;408168;5;17;2409;88;Acarreo en Mina;129;2025-03-11 07:02:04;8.27;2025-03-11 15:18:31.829689;2025-03-11;8.27439713583333;7;17;2409;OUTOFPLAN;Programado;Fuera de plan
408299;408299;5;17;2409;88;Acarreo en Mina;129;2025-03-11 16:26:36.032876;0.12;2025-03-11 16:33:52.757638;2025-03-11;0.121312433888889;16;17;2409;OUTOFPLAN;Programado;Fuera de plan
408300;408300;5;17;2409;86;Acarreo en Mina;142;2025-03-11 16:26:47.017463;3.08;2025-03-11 19:31:19.283;2025-03-11;3.07562931583333;16;17;2409;OUTOFPLAN;Programado;Fuera de plan
408320;408320;5;17;2409;89;Acarreo en Mina;136;2025-03-11 17:44:04.95329;0.14;2025-03-11 17:52:30.964252;2025-03-11;0.140558600555556;17;17;2409;OUTOFPLAN;Programado;Fuera de plan
408390;408390;5;17;2409;89;Acarreo en Mina;136;2025-03-11 21:44:27.792135;6.14;2025-03-12 03:53:02.697991;2025-03-11;6.14302940444444;21;17;2409;OUTOFPLAN;Programado;Fuera de plan
408418;408418;5;17;2409;88;Acarreo en Mina;131;2025-03-12 01:54:31.151911;1.83;2025-03-12 03:44:10.708731;2025-03-11;1.82765467222222;1;17;2409;OUTOFPLAN;Programado;Fuera de plan
408812;408812;5;17;2409;87;Acarreo en Mina;140;2025-03-13 03:05:08.826331;1.72;2025-03-13 04:48:15.541518;2025-03-12;1.71853199638889;3;17;2409;OUTOFPLAN;Programado;Fuera de plan
409275;409272;5;17;2409;84;Acarreo en Mina;136;2025-03-14 17:16:59;14.36;2025-03-15 07:38:26.612719;2025-03-14;14.3576701997222;17;17;2409;OUTOFPLAN;Programado;Fuera de plan
409349;409349;5;17;2409;85;Acarreo en Mina;136;2025-03-14 20:07:35.698845;2.29;2025-03-14 22:25:02.863;2025-03-14;2.29087893194444;20;17;2409;OUTOFPLAN;Programado;Fuera de plan
409384;409384;5;17;2409;87;Acarreo en Mina;140;2025-03-15 01:42:15.084749;1.69;2025-03-15 03:23:41.158;2025-03-14;1.69057590305556;1;17;2409;OUTOFPLAN;Programado;Fuera de plan
409385;409385;5;17;2409;85;Acarreo en Mina;106;2025-03-15 01:42:21.800161;2.96;2025-03-15 04:40:14.572475;2025-03-14;2.96465897611111;1;17;2409;OUTOFPLAN;Programado;Fuera de plan
409517;409517;5;17;2409;85;Acarreo en Mina;138;2025-03-15 09:06:12.707935;0.11;2025-03-15 09:12:50.882;2025-03-15;0.110603906944444;9;17;2409;OUTOFPLAN;Programado;Fuera de plan
409666;409666;5;17;2409;88;Acarreo en Mina;129;2025-03-15 18:47:22.138951;14.86;2025-03-16 09:39:07.075669;2025-03-15;14.8624824216667;18;17;2409;OUTOFPLAN;Programado;Fuera de plan
409700;409700;5;17;2409;89;Acarreo en Mina;138;2025-03-15 19:00:08.613579;10.10;2025-03-16 05:05:57.857094;2025-03-15;10.0970120875;19;17;2409;OUTOFPLAN;Programado;Fuera de plan
409777;409777;5;17;2409;86;Acarreo en Mina;139;2025-03-16 02:54:41.612051;0.46;2025-03-16 03:22:19.533;2025-03-15;0.460533596944444;2;17;2409;OUTOFPLAN;Programado;Fuera de plan
409800;409800;5;17;2409;85;Acarreo en Mina;140;2025-03-16 06:01:17.479703;11.34;2025-03-16 17:21:53.362191;2025-03-15;11.3433006911111;6;17;2409;OUTOFPLAN;Programado;Fuera de plan
409973;409973;5;17;2409;89;Acarreo en Mina;136;2025-03-16 17:34:23.155566;14.00;2025-03-17 07:34:08.640509;2025-03-16;13.9959680397222;17;17;2409;OUTOFPLAN;Programado;Fuera de plan
410041;410041;5;17;2409;88;Acarreo en Mina;128;2025-03-16 22:31:14.470497;5.29;2025-03-17 03:48:34.831454;2025-03-16;5.28898915472222;22;17;2409;OUTOFPLAN;Programado;Fuera de plan
410257;410257;5;17;2409;88;Acarreo en Mina;129;2025-03-17 15:42:29.226018;1.90;2025-03-17 17:36:25.702515;2025-03-17;1.89902124916667;15;17;2409;OUTOFPLAN;Programado;Fuera de plan
410277;410277;5;17;2409;85;Acarreo en Mina;136;2025-03-17 17:41:58.644567;18.39;2025-03-18 12:05:13.89806;2025-03-17;18.3875704147222;17;17;2409;OUTOFPLAN;Programado;Fuera de plan
410284;410284;5;17;2409;86;Acarreo en Mina;142;2025-03-17 18:47:04.899086;7.03;2025-03-18 01:48:58.851;2025-03-17;7.03165330944444;18;17;2409;OUTOFPLAN;Programado;Fuera de plan
410319;410319;5;17;2409;89;Acarreo en Mina;106;2025-03-17 19:12:38.584898;0.61;2025-03-17 19:49:28.1;2025-03-17;0.613754195;19;17;2409;OUTOFPLAN;Programado;Fuera de plan
410382;410382;5;17;2409;89;Acarreo en Mina;139;2025-03-18 01:49:04.012071;0.84;2025-03-18 02:39:40.036242;2025-03-17;0.8433400475;1;17;2409;OUTOFPLAN;Programado;Fuera de plan
410407;410407;5;17;2409;89;Acarreo en Mina;131;2025-03-18 03:41:05.491499;6.68;2025-03-18 10:22:04.863118;2025-03-17;6.68315878305556;3;17;2409;OUTOFPLAN;Programado;Fuera de plan
410548;410548;5;17;2409;88;Acarreo en Mina;136;2025-03-18 13:12:29.014754;14.29;2025-03-19 03:30:03.753;2025-03-18;14.2929828461111;13;17;2409;OUTOFPLAN;Programado;Fuera de plan
410595;410595;5;17;2409;86;Acarreo en Mina;142;2025-03-18 18:48:13.590516;0.03;2025-03-18 18:50:06.113077;2025-03-18;0.0312562669444444;18;17;2409;OUTOFPLAN;Programado;Fuera de plan
410680;410680;5;17;2409;85;Acarreo en Mina;106;2025-03-18 23:05:15.125797;3.72;2025-03-19 02:48:27.997;2025-03-18;3.72024200083333;23;17;2409;OUTOFPLAN;Programado;Fuera de plan
412853;412852;5;17;926;42;Perforadoras;52;2025-03-27 07:00:00;34.69;2025-03-28 17:41:41.34;2025-03-27;34.6948166666667;7;17;2409;OUTOFPLAN;Programado;Fuera de plan
413180;413180;5;17;926;43;Perforadoras;83;2025-03-28 16:44:13.342695;17.40;2025-03-29 10:07:58.474;2025-03-28;17.3958698069444;16;17;2409;OUTOFPLAN;Programado;Fuera de plan
413442;413405;5;17;926;42;Perforadoras;52;2025-03-29 10:34:35;5.37;2025-03-29 15:56:31.709;2025-03-29;5.3657525;10;17;2409;OUTOFPLAN;Programado;Fuera de plan
413807;413807;5;17;926;43;Perforadoras;36;2025-03-30 17:26:25.038249;4.02;2025-03-30 21:27:44.226;2025-03-30;4.0219965975;17;17;2409;OUTOFPLAN;Programado;Fuera de plan
413903;413903;5;17;926;42;Perforadoras;16;2025-03-31 00:04:49.002597;9.88;2025-03-31 09:57:47.44;2025-03-30;9.88289927861111;0;17;2409;OUTOFPLAN;Programado;Fuera de plan
413967;413967;5;17;926;43;Perforadoras;83;2025-03-31 07:15:07.346873;2.38;2025-03-31 09:37:57.181;2025-03-31;2.38050947972222;7;17;2409;OUTOFPLAN;Programado;Fuera de plan
414026;414026;5;17;926;43;Perforadoras;36;2025-03-31 13:09:53.819018;22.20;2025-04-01 11:22:09.133104;2025-03-31;22.2042539127778;13;17;2409;OUTOFPLAN;Programado;Fuera de plan
414070;414070;5;17;926;42;Perforadoras;52;2025-03-31 15:24:30.505457;40.12;2025-04-02 07:31:31.951;2025-03-31;40.1170682063889;15;17;2409;OUTOFPLAN;Programado;Fuera de plan
414278;414278;5;17;926;43;Perforadoras;83;2025-04-01 11:22:09.133104;7.95;2025-04-01 19:19:08.768;2025-04-01;7.94989858222222;11;17;2409;OUTOFPLAN;Programado;Fuera de plan
414326;414326;5;17;2409;88;Acarreo en Mina;151;2025-04-01 17:31:21.572832;9.20;2025-04-02 02:43:26.821;2025-04-01;9.20145782444444;17;17;2409;OUTOFPLAN;Programado;Fuera de plan
414389;414389;5;17;926;43;Perforadoras;83;2025-04-01 22:28:28.723673;9.46;2025-04-02 07:56:01.197;2025-04-01;9.45902036861111;22;17;2409;OUTOFPLAN;Programado;Fuera de plan
414535;414535;5;17;2409;84;Acarreo en Mina;150;2025-04-02 11:15:49.333232;3.65;2025-04-02 14:54:53.929;2025-04-02;3.65127660222222;11;17;2409;OUTOFPLAN;Programado;Fuera de plan
414556;414556;5;17;371;36;Acarreo en Mina;85;2025-04-02 12:37:15.488604;0.00;;2025-04-02;;12;17;2409;OUTOFPLAN;Programado;Fuera de plan
414759;414759;5;17;2409;87;Acarreo en Mina;143;2025-04-03 02:39:07.414264;1.41;2025-04-03 04:03:50;2025-04-02;1.41182937111111;2;17;2409;OUTOFPLAN;Programado;Fuera de plan
414856;414856;5;17;2409;88;Acarreo en Mina;136;2025-04-03 09:15:24.207163;7.48;2025-04-03 16:44:06.560717;2025-04-03;7.47843154277778;9;17;2409;OUTOFPLAN;Programado;Fuera de plan
414911;414911;5;17;2409;84;Acarreo en Mina;139;2025-04-03 12:53:49.40495;2.33;2025-04-03 15:13:48.363021;2025-04-03;2.33304390861111;12;17;2409;OUTOFPLAN;Programado;Fuera de plan
414946;414946;5;17;2409;87;Acarreo en Mina;140;2025-04-03 15:13:33.14987;0.54;2025-04-03 15:46:04.668094;2025-04-03;0.542088395555556;15;17;2409;OUTOFPLAN;Programado;Fuera de plan
414949;414949;5;17;2409;89;Acarreo en Mina;137;2025-04-03 15:18:13.247879;0.01;2025-04-03 15:18:56.115;2025-04-03;0.0119075336111111;15;17;2409;OUTOFPLAN;Programado;Fuera de plan
414950;414950;5;17;2409;86;Acarreo en Mina;139;2025-04-03 15:18:22.921332;0.37;2025-04-03 15:40:20.012026;2025-04-03;0.365858526111111;15;17;2409;OUTOFPLAN;Programado;Fuera de plan
415000;415000;5;17;926;42;Perforadoras;35;2025-04-03 18:34:06.647431;0.10;2025-04-03 18:40:06.547;2025-04-03;0.0999721025;18;17;2409;OUTOFPLAN;Programado;Fuera de plan
415023;415023;5;17;926;42;Perforadoras;35;2025-04-03 18:58:39.675622;9.40;2025-04-04 04:22:43.31;2025-04-03;9.40100954944445;18;17;2409;OUTOFPLAN;Programado;Fuera de plan
415080;415080;5;17;2409;85;Acarreo en Mina;131;2025-04-03 22:34:38.758852;0.81;2025-04-03 23:23:17.35;2025-04-03;0.810719763333333;22;17;2409;OUTOFPLAN;Programado;Fuera de plan
415117;415117;5;17;2409;88;Acarreo en Mina;143;2025-04-04 02:30:04.301774;1.91;2025-04-04 04:24:38;2025-04-03;1.90936061833333;2;17;2409;OUTOFPLAN;Programado;Fuera de plan
415194;415194;5;17;2409;87;Acarreo en Mina;143;2025-04-04 07:58:44.182441;0.40;2025-04-04 08:22:43.94689;2025-04-04;0.399934569166667;7;17;2409;OUTOFPLAN;Programado;Fuera de plan
415301;415301;5;17;2409;85;Acarreo en Mina;128;2025-04-04 13:51:21.52935;18.58;2025-04-05 08:26:08.687453;2025-04-04;18.5797661397222;13;17;2409;OUTOFPLAN;Programado;Fuera de plan
415302;415302;5;17;2409;86;Acarreo en Mina;139;2025-04-04 13:51:25.477011;4.52;2025-04-04 18:22:28.269993;2025-04-04;4.517442495;13;17;2409;OUTOFPLAN;Programado;Fuera de plan
415303;415303;5;17;2409;87;Acarreo en Mina;75;2025-04-04 13:51:29.67373;0.46;2025-04-04 14:18:54.073694;2025-04-04;0.456777767777778;13;17;2409;OUTOFPLAN;Programado;Fuera de plan
415304;415304;5;17;2409;89;Acarreo en Mina;137;2025-04-04 13:51:34.477328;0.24;2025-04-04 14:05:48.533;2025-04-04;0.237237686666667;13;17;2409;OUTOFPLAN;Programado;Fuera de plan
415305;415305;5;17;2409;88;Acarreo en Mina;140;2025-04-04 13:51:38.422365;4.52;2025-04-04 18:22:32.519272;2025-04-04;4.51502691861111;13;17;2409;OUTOFPLAN;Programado;Fuera de plan
415314;415314;5;17;2409;87;Acarreo en Mina;75;2025-04-04 14:20:59.879197;1.72;2025-04-04 16:04:14.178089;2025-04-04;1.72063858111111;14;17;2409;OUTOFPLAN;Programado;Fuera de plan
415321;415321;5;17;926;43;Perforadoras;35;2025-04-04 14:54:11.716125;4.23;2025-04-04 19:07:47.469;2025-04-04;4.22659802083333;14;17;2409;OUTOFPLAN;Programado;Fuera de plan
415342;415342;5;17;2409;89;Acarreo en Mina;137;2025-04-04 16:26:33.828973;1.90;2025-04-04 18:20:31.455;2025-04-04;1.89934056305556;16;17;2409;OUTOFPLAN;Programado;Fuera de plan
415343;415343;5;17;2409;84;Acarreo en Mina;131;2025-04-04 16:26:37.681562;9.25;2025-04-05 01:41:55.116213;2025-04-04;9.25484295861111;16;17;2409;OUTOFPLAN;Programado;Fuera de plan
415437;415437;5;17;2409;86;Acarreo en Mina;142;2025-04-04 22:09:22.26996;6.38;2025-04-05 04:32:22.044;2025-04-04;6.38327056666667;22;17;2409;OUTOFPLAN;Programado;Fuera de plan
415541;415541;5;17;2409;86;Acarreo en Mina;142;2025-04-05 06:19:09.300203;1.73;2025-04-05 08:02:50.408113;2025-04-04;1.72808553055556;6;17;2409;OUTOFPLAN;Programado;Fuera de plan
415647;415647;5;17;2409;88;Acarreo en Mina;129;2025-04-05 09:25:56.388109;4.00;2025-04-05 13:26:07.124416;2025-04-05;4.0029823075;9;17;2409;OUTOFPLAN;Programado;Fuera de plan
415682;415682;5;17;2409;89;Acarreo en Mina;137;2025-04-05 11:18:57.939843;4.30;2025-04-05 15:36:43.377851;2025-04-05;4.29595500222222;11;17;2409;OUTOFPLAN;Programado;Fuera de plan
415743;415743;5;17;2409;84;Acarreo en Mina;128;2025-04-05 14:52:27.26451;0.59;2025-04-05 15:27:54.22601;2025-04-05;0.590822638888889;14;17;2409;OUTOFPLAN;Programado;Fuera de plan
417508;417508;5;17;2355;93;Acarreo en Mina;0;2025-04-10 11:55:02.235301;0.75;2025-04-10 12:39:54.880482;2025-04-10;0.747956994722222;11;17;2409;OUTOFPLAN;Programado;Fuera de plan
417512;417512;5;17;2355;93;Acarreo en Mina;0;2025-04-10 12:39:54.880482;0.00;2025-04-10 12:39:54.880482;2025-04-10;0;12;17;2409;OUTOFPLAN;Programado;Fuera de plan
417599;417599;5;17;2355;78;Acarreo en Mina;160;2025-04-10 18:57:29.465472;12.96;2025-04-11 07:54:55.228114;2025-04-10;12.9571562894444;18;17;2409;OUTOFPLAN;Programado;Fuera de plan
418221;418221;5;17;2355;78;Acarreo en Mina;160;2025-04-12 18:03:33.567203;12.92;2025-04-13 06:58:36.561647;2025-04-12;12.9174984566667;18;17;2409;OUTOFPLAN;Programado;Fuera de plan
418464;418464;5;17;2355;78;Acarreo en Mina;160;2025-04-13 18:28:19.451134;13.56;2025-04-14 08:02:06.217293;2025-04-13;13.5629905997222;18;17;2409;OUTOFPLAN;Programado;Fuera de plan
418775;418775;5;17;2355;78;Acarreo en Mina;160;2025-04-14 12:05:02.488954;4.42;2025-04-14 16:29:56.86762;2025-04-14;4.415105185;12;17;2409;OUTOFPLAN;Programado;Fuera de plan
418886;418886;5;17;2355;78;Acarreo en Mina;160;2025-04-14 18:38:29.748523;12.41;2025-04-15 07:03:01.067351;2025-04-14;12.4086996744444;18;17;2409;OUTOFPLAN;Programado;Fuera de plan
419299;419299;5;17;2355;78;Acarreo en Mina;160;2025-04-15 17:51:50.271312;13.66;2025-04-16 07:31:43.050665;2025-04-15;13.6646609313889;17;17;2409;OUTOFPLAN;Programado;Fuera de plan
419654;419654;5;17;2355;78;Acarreo en Mina;160;2025-04-16 18:16:34.572596;14.55;2025-04-17 08:49:21.629206;2025-04-16;14.5464046138889;18;17;2409;OUTOFPLAN;Programado;Fuera de plan
419825;419825;5;17;2355;78;Acarreo en Mina;160;2025-04-17 09:42:21.703203;360.39;2025-05-02 10:05:49.114403;2025-04-17;360.390947555556;9;17;2409;OUTOFPLAN;Programado;Fuera de plan
422082;422082;5;17;2409;94;Acarreo en Mina;0;2025-04-25 16:20:38.358979;17.34;2025-04-26 09:41:08.14099;2025-04-25;17.3416061141667;16;17;2409;OUTOFPLAN;Programado;Fuera de plan
422269;422269;5;17;2409;94;Acarreo en Mina;0;2025-04-26 09:47:02.915967;0.02;2025-04-26 09:48:14.655136;2025-04-26;0.0199275469444444;9;17;2409;OUTOFPLAN;Programado;Fuera de plan
422271;422271;5;17;2409;94;Acarreo en Mina;0;2025-04-26 09:48:14.655136;0.00;2025-04-26 09:48:14.655136;2025-04-26;0;9;17;2409;OUTOFPLAN;Programado;Fuera de plan
424207;424207;5;17;2355;78;Acarreo en Mina;160;2025-05-02 11:55:28.390613;2.34;2025-05-02 14:15:35.252139;2025-05-02;2.33523931277778;11;17;2409;OUTOFPLAN;Programado;Fuera de plan
424286;424285;5;17;2355;78;Acarreo en Mina;160;2025-05-02 15:31:23;0.87;2025-05-02 16:23:50.208938;2025-05-02;0.874224705;15;17;2409;OUTOFPLAN;Programado;Fuera de plan
424350;424350;5;17;2355;78;Acarreo en Mina;160;2025-05-02 18:47:35.224614;12.85;2025-05-03 07:38:22.360753;2025-05-02;12.8464267052778;18;17;2409;OUTOFPLAN;Programado;Fuera de plan
424597;424597;5;17;2355;78;Acarreo en Mina;160;2025-05-03 08:51:12.485188;4.62;2025-05-03 13:28:08.511446;2025-05-03;4.61556284944445;8;17;2409;OUTOFPLAN;Programado;Fuera de plan
424742;424742;5;17;2355;78;Acarreo en Mina;160;2025-05-03 18:48:47.663971;12.42;2025-05-04 07:13:59.330225;2025-05-03;12.4199072927778;18;17;2409;OUTOFPLAN;Programado;Fuera de plan
424998;424998;5;17;2355;78;Acarreo en Mina;160;2025-05-04 12:33:50.122266;2.67;2025-05-04 15:14:04.629988;2025-05-04;2.67069658944444;12;17;2409;OUTOFPLAN;Programado;Fuera de plan
425126;425126;5;17;2355;78;Acarreo en Mina;160;2025-05-04 18:54:45.735415;12.50;2025-05-05 07:24:32.42977;2025-05-04;12.4963039875;18;17;2409;OUTOFPLAN;Programado;Fuera de plan
425360;425360;5;17;2355;78;Acarreo en Mina;160;2025-05-05 09:33:23.504095;1.12;2025-05-05 10:40:32.695012;2025-05-05;1.11921969916667;9;17;2409;OUTOFPLAN;Programado;Fuera de plan
425413;425413;5;17;2355;78;Acarreo en Mina;160;2025-05-05 13:07:06.126102;2.19;2025-05-05 15:18:40.775568;2025-05-05;2.192958185;13;17;2409;OUTOFPLAN;Programado;Fuera de plan
425490;425490;5;17;2355;78;Acarreo en Mina;160;2025-05-05 16:51:36.156373;0.99;2025-05-05 17:50:51.190097;2025-05-05;0.987509367777778;16;17;2409;OUTOFPLAN;Programado;Fuera de plan
425537;425537;5;17;2355;78;Acarreo en Mina;160;2025-05-05 18:54:32.206877;12.51;2025-05-06 07:25:14.669563;2025-05-05;12.5117951905556;18;17;2409;OUTOFPLAN;Programado;Fuera de plan
425808;425808;5;17;2355;78;Acarreo en Mina;160;2025-05-06 11:30:07.98034;1.67;2025-05-06 13:10:18.666764;2025-05-06;1.66963511777778;11;17;2409;OUTOFPLAN;Programado;Fuera de plan
427721;427721;5;17;2355;78;Acarreo en Mina;160;2025-05-11 16:17:38.354652;14.83;2025-05-12 07:07:42.134886;2025-05-11;14.8343833983333;16;17;2409;OUTOFPLAN;Programado;Fuera de plan
427920;427920;5;17;2377;95;Carguio en Mina;0;2025-05-12 06:59:02.784953;0.02;2025-05-12 07:00:17.602407;2025-05-11;0.0207826261111111;6;17;2409;OUTOFPLAN;Programado;Fuera de plan
427922;427922;5;17;2377;95;Carguio en Mina;0;2025-05-12 07:00:17.602407;0.00;2025-05-12 07:00:17.602407;2025-05-12;0;7;17;2409;OUTOFPLAN;Programado;Fuera de plan
428060;428060;5;17;2377;96;Carguio en Mina;0;2025-05-12 14:29:07.943247;0.03;2025-05-12 14:31:12.186737;2025-05-12;0.0345120805555556;14;17;2409;OUTOFPLAN;Programado;Fuera de plan
429094;429094;5;17;2409;97;Acarreo en Mina;0;2025-05-15 18:32:22.493697;0.03;2025-05-15 18:33:52.594333;2025-05-15;0.0250279544444444;18;17;2409;OUTOFPLAN;Programado;Fuera de plan
430883;430883;5;17;2409;97;Acarreo en Mina;31;2025-05-21 19:56:48.596989;134.78;2025-05-27 10:43:42.334834;2025-05-21;134.781593845833;19;17;2409;OUTOFPLAN;Programado;Fuera de plan
431458;431458;5;17;1501;59;Carguio en Mina;159;2025-05-23 20:59:17.953726;0.00;;2025-05-23;;20;17;2409;OUTOFPLAN;Programado;Fuera de plan
432520;432520;5;17;2409;84;Acarreo en Mina;148;2025-05-27 14:02:04.355962;509.88;2025-06-17 19:55:08.695074;2025-05-27;509.884538642222;14;17;2409;OUTOFPLAN;Programado;Fuera de plan
439515;439515;5;17;2409;97;Acarreo en Mina;0;2025-06-17 19:23:50.589495;73.65;2025-06-20 21:03:05.363866;2025-06-17;73.6541039919445;19;17;2409;OUTOFPLAN;Programado;Fuera de plan
440637;440622;5;17;2409;88;Acarreo en Mina;157;2025-06-21 07:00:01;51.05;2025-06-23 10:02:44.591;2025-06-21;51.0454419444444;7;17;2409;OUTOFPLAN;Programado;Fuera de plan
441208;441208;5;17;2409;86;Acarreo en Mina;0;2025-06-23 10:05:08.436202;1.76;2025-06-23 11:50:43.563041;2025-06-23;1.75975745527778;10;17;2409;OUTOFPLAN;Programado;Fuera de plan
441223;441223;5;17;2409;88;Acarreo en Mina;149;2025-06-23 11:50:52.927918;4.57;2025-06-23 16:25:16.253873;2025-06-23;4.57314609861111;11;17;2409;OUTOFPLAN;Programado;Fuera de plan
441309;441309;5;17;2409;86;Acarreo en Mina;0;2025-06-23 16:25:12.365188;1.86;2025-06-23 18:16:30.87947;2025-06-23;1.85514285611111;16;17;2409;OUTOFPLAN;Programado;Fuera de plan
441326;441326;5;17;2409;88;Acarreo en Mina;149;2025-06-23 18:16:25.346749;0.15;2025-06-23 18:25:32.508591;2025-06-23;0.151989400555556;18;17;2409;OUTOFPLAN;Programado;Fuera de plan
441332;441332;5;17;2409;86;Acarreo en Mina;0;2025-06-23 18:25:40.123499;1.02;2025-06-23 19:26:57.292;2025-06-23;1.02143569472222;18;17;2409;OUTOFPLAN;Programado;Fuera de plan
441366;441366;5;17;2409;88;Acarreo en Mina;0;2025-06-23 20:12:48.157965;0.45;2025-06-23 20:39:32.862;2025-06-23;0.445751120833333;20;17;2409;OUTOFPLAN;Programado;Fuera de plan
441369;441367;5;17;2409;97;Acarreo en Mina;152;2025-06-23 20:26:38;19.55;2025-06-24 15:59:23.927301;2025-06-23;19.5460909169444;20;17;2409;OUTOFPLAN;Programado;Fuera de plan
441599;441599;5;17;2409;84;Acarreo en Mina;147;2025-06-24 15:59:14.357683;3.23;2025-06-24 19:12:45;2025-06-24;3.22517842138889;15;17;2409;OUTOFPLAN;Programado;Fuera de plan
441636;441636;5;17;2409;97;Acarreo en Mina;0;2025-06-24 18:51:58.106856;9.14;2025-06-25 04:00:39;2025-06-24;9.14469254;18;17;2409;OUTOFPLAN;Programado;Fuera de plan
441787;441786;5;17;2409;97;Acarreo en Mina;98;2025-06-25 05:12:44;23.86;2025-06-26 05:04:23.962635;2025-06-24;23.8611007319444;5;17;2409;OUTOFPLAN;Programado;Fuera de plan
442349;442322;5;17;2409;97;Acarreo en Mina;142;2025-06-26 10:19:06;6.31;2025-06-26 16:37:50.822937;2025-06-26;6.31245081583333;10;17;2409;OUTOFPLAN;Programado;Fuera de plan
442466;442466;5;17;2409;97;Acarreo en Mina;0;2025-06-26 18:43:50.402956;6.05;2025-06-27 00:46:34.244974;2025-06-26;6.04551167166667;18;17;2409;OUTOFPLAN;Programado;Fuera de plan
442586;442586;5;17;2409;97;Acarreo en Mina;75;2025-06-27 03:48:23.641663;0.66;2025-06-27 04:28:16.191593;2025-06-26;0.664597202777778;3;17;2409;OUTOFPLAN;Programado;Fuera de plan
442697;442697;5;17;2409;97;Acarreo en Mina;138;2025-06-27 09:15:30.001319;1.70;2025-06-27 10:57:26.31327;2025-06-27;1.69897554194444;9;17;2409;OUTOFPLAN;Programado;Fuera de plan
442789;442789;5;17;2409;97;Acarreo en Mina;138;2025-06-27 15:16:11.58929;1.19;2025-06-27 16:27:26.68517;2025-06-27;1.18752663333333;15;17;2409;OUTOFPLAN;Programado;Fuera de plan
442901;442901;5;17;2409;97;Acarreo en Mina;139;2025-06-28 02:18:50.306462;0.70;2025-06-28 03:00:48;2025-06-27;0.699359316111111;2;17;2409;OUTOFPLAN;Programado;Fuera de plan
443141;442799;5;17;2409;86;Acarreo en Mina;142;2025-06-27 15:35:54;27.50;2025-06-28 19:06:04;2025-06-27;27.5027777777778;15;17;2409;OUTOFPLAN;Programado;Fuera de plan
443144;443144;5;17;2409;97;Acarreo en Mina;142;2025-06-28 18:43:15.332961;9.68;2025-06-29 04:23:58.848183;2025-06-28;9.67875422833333;18;17;2409;OUTOFPLAN;Programado;Fuera de plan
443324;443324;5;17;2409;97;Acarreo en Mina;142;2025-06-29 09:17:03.789454;5.32;2025-06-29 14:36:00.550617;2025-06-29;5.31576698972222;9;17;2409;OUTOFPLAN;Programado;Fuera de plan
443422;443422;5;17;2409;84;Acarreo en Mina;58;2025-06-29 14:37:48;1.26;2025-06-29 15:53:07.932952;2025-06-29;1.25553693111111;14;17;2409;OUTOFPLAN;Programado;Fuera de plan
443426;443426;5;17;2409;85;Acarreo en Mina;143;2025-06-29 15:53:14.620543;15.62;2025-06-30 07:30:16;2025-06-29;15.6170498491667;15;17;2409;OUTOFPLAN;Programado;Fuera de plan
443496;443496;5;17;2409;97;Acarreo en Mina;139;2025-06-29 21:59:43.496369;4.66;2025-06-30 02:39:36.852376;2025-06-29;4.66482111305556;21;17;2409;OUTOFPLAN;Programado;Fuera de plan
443607;443602;5;17;2409;97;Acarreo en Mina;138;2025-06-30 07:29:05;6.32;2025-06-30 13:48:21.966902;2025-06-30;6.321379695;7;17;2409;OUTOFPLAN;Programado;Fuera de plan
443700;443700;5;17;2409;85;Acarreo en Mina;143;2025-06-30 14:00:04.651432;16.53;2025-07-01 06:32:01.998752;2025-06-30;16.5325964777778;14;17;2409;OUTOFPLAN;Programado;Fuera de plan
443839;443839;5;17;2409;97;Acarreo en Mina;140;2025-06-30 22:54:05.124825;2.13;2025-07-01 01:01:38.625216;2025-06-30;2.12597233083333;22;17;2409;OUTOFPLAN;Programado;Fuera de plan
443867;443867;5;17;2409;97;Acarreo en Mina;140;2025-07-01 01:40:46.82849;0.56;2025-07-01 02:14:37.96508;2025-06-30;0.564204608333333;1;17;2409;OUTOFPLAN;Programado;Fuera de plan
443927;443899;5;17;2409;97;Acarreo en Mina;131;2025-07-01 03:19:04;0.00;;2025-06-30;;3;17;2409;OUTOFPLAN;Programado;Fuera de plan
460462;460462;5;17;1501;59;Carguio en Mina;159;2025-08-16 18:12:40.611228;0.00;;2025-08-16;;18;17;2409;OUTOFPLAN;Programado;Fuera de plan
468976;468975;5;17;137;29;Carguio en Mina;42;2025-09-10 07:00:05;520.00;2025-10-01 23:00:06;2025-09-10;520.000277777778;7;17;2409;OUTOFPLAN;Programado;Fuera de plan
477401;477401;5;17;2409;89;Acarreo en Mina;0;2025-10-04 08:01:19.575814;0.00;;2025-10-04;;8;17;2409;OUTOFPLAN;Programado;Fuera de plan